Store,Date,Temperature,Fuel_Price,MarkDown1,MarkDown2,MarkDown3,MarkDown4,MarkDown5,CPI,Unemployment,IsHoliday
1,2010-02-05,42.31,2.572,NULL,NULL,NULL,NULL,NULL,211.096358,8.106,0
1,2010-02-12,38.51,2.548,NULL,NULL,NULL,NULL,NULL,211.242170,8.106,1
1,2010-02-19,39.93,2.514,NULL,NULL,NULL,NULL,NULL,211.289143,8.106,0
1,2010-02-26,46.63,2.561,NULL,NULL,NULL,NULL,NULL,211.319643,8.106,0
1,2010-03-05,46.50,2.625,NULL,NULL,NULL,NULL,NULL,211.350143,8.106,0
1,2010-03-12,57.79,2.667,NULL,NULL,NULL,NULL,NULL,211.380643,8.106,0
1,2010-03-19,54.58,2.720,NULL,NULL,NULL,NULL,NULL,211.215635,8.106,0
1,2010-03-26,51.45,2.732,NULL,NULL,NULL,NULL,NULL,211.018042,8.106,0
1,2010-04-02,62.27,2.719,NULL,NULL,NULL,NULL,NULL,210.820450,7.808,0
1,2010-04-09,65.86,2.770,NULL,NULL,NULL,NULL,NULL,210.622857,7.808,0
1,2010-04-16,66.32,2.808,NULL,NULL,NULL,NULL,NULL,210.488700,7.808,0
1,2010-04-23,64.84,2.795,NULL,NULL,NULL,NULL,NULL,210.439123,7.808,0
1,2010-04-30,67.41,2.780,NULL,NULL,NULL,NULL,NULL,210.389546,7.808,0
1,2010-05-07,72.55,2.835,NULL,NULL,NULL,NULL,NULL,210.339968,7.808,0
1,2010-05-14,74.78,2.854,NULL,NULL,NULL,NULL,NULL,210.337426,7.808,0
1,2010-05-21,76.44,2.826,NULL,NULL,NULL,NULL,NULL,210.617093,7.808,0
1,2010-05-28,80.44,2.759,NULL,NULL,NULL,NULL,NULL,210.896761,7.808,0
1,2010-06-04,80.69,2.705,NULL,NULL,NULL,NULL,NULL,211.176428,7.808,0
1,2010-06-11,80.43,2.668,NULL,NULL,NULL,NULL,NULL,211.456095,7.808,0
1,2010-06-18,84.11,2.637,NULL,NULL,NULL,NULL,NULL,211.453772,7.808,0
1,2010-06-25,84.34,2.653,NULL,NULL,NULL,NULL,NULL,211.338653,7.808,0
1,2010-07-02,80.91,2.669,NULL,NULL,NULL,NULL,NULL,211.223533,7.787,0
1,2010-07-09,80.48,2.642,NULL,NULL,NULL,NULL,NULL,211.108414,7.787,0
1,2010-07-16,83.15,2.623,NULL,NULL,NULL,NULL,NULL,211.100385,7.787,0
1,2010-07-23,83.36,2.608,NULL,NULL,NULL,NULL,NULL,211.235144,7.787,0
1,2010-07-30,81.84,2.640,NULL,NULL,NULL,NULL,NULL,211.369903,7.787,0
1,2010-08-06,87.16,2.627,NULL,NULL,NULL,NULL,NULL,211.504662,7.787,0
1,2010-08-13,87.00,2.692,NULL,NULL,NULL,NULL,NULL,211.639421,7.787,0
1,2010-08-20,86.65,2.664,NULL,NULL,NULL,NULL,NULL,211.603363,7.787,0
1,2010-08-27,85.22,2.619,NULL,NULL,NULL,NULL,NULL,211.567306,7.787,0
1,2010-09-03,81.21,2.577,NULL,NULL,NULL,NULL,NULL,211.531248,7.787,0
1,2010-09-10,78.69,2.565,NULL,NULL,NULL,NULL,NULL,211.495190,7.787,1
1,2010-09-17,82.11,2.582,NULL,NULL,NULL,NULL,NULL,211.522460,7.787,0
1,2010-09-24,80.94,2.624,NULL,NULL,NULL,NULL,NULL,211.597225,7.787,0
1,2010-10-01,71.89,2.603,NULL,NULL,NULL,NULL,NULL,211.671990,7.838,0
1,2010-10-08,63.93,2.633,NULL,NULL,NULL,NULL,NULL,211.746754,7.838,0
1,2010-10-15,67.18,2.720,NULL,NULL,NULL,NULL,NULL,211.813744,7.838,0
1,2010-10-22,69.86,2.725,NULL,NULL,NULL,NULL,NULL,211.861294,7.838,0
1,2010-10-29,69.64,2.716,NULL,NULL,NULL,NULL,NULL,211.908844,7.838,0
1,2010-11-05,58.74,2.689,NULL,NULL,NULL,NULL,NULL,211.956394,7.838,0
1,2010-11-12,59.61,2.728,NULL,NULL,NULL,NULL,NULL,212.003944,7.838,0
1,2010-11-19,51.41,2.771,NULL,NULL,NULL,NULL,NULL,211.889674,7.838,0
1,2010-11-26,64.52,2.735,NULL,NULL,NULL,NULL,NULL,211.748433,7.838,1
1,2010-12-03,49.27,2.708,NULL,NULL,NULL,NULL,NULL,211.607193,7.838,0
1,2010-12-10,46.33,2.843,NULL,NULL,NULL,NULL,NULL,211.465953,7.838,0
1,2010-12-17,49.84,2.869,NULL,NULL,NULL,NULL,NULL,211.405312,7.838,0
1,2010-12-24,52.33,2.886,NULL,NULL,NULL,NULL,NULL,211.405122,7.838,0
1,2010-12-31,48.43,2.943,NULL,NULL,NULL,NULL,NULL,211.404932,7.838,1
1,2011-01-07,48.27,2.976,NULL,NULL,NULL,NULL,NULL,211.404742,7.742,0
1,2011-01-14,35.40,2.983,NULL,NULL,NULL,NULL,NULL,211.457411,7.742,0
1,2011-01-21,44.04,3.016,NULL,NULL,NULL,NULL,NULL,211.827234,7.742,0
1,2011-01-28,43.83,3.010,NULL,NULL,NULL,NULL,NULL,212.197058,7.742,0
1,2011-02-04,42.27,2.989,NULL,NULL,NULL,NULL,NULL,212.566881,7.742,0
1,2011-02-11,36.39,3.022,NULL,NULL,NULL,NULL,NULL,212.936705,7.742,1
1,2011-02-18,57.36,3.045,NULL,NULL,NULL,NULL,NULL,213.247885,7.742,0
1,2011-02-25,62.90,3.065,NULL,NULL,NULL,NULL,NULL,213.535609,7.742,0
1,2011-03-04,59.58,3.288,NULL,NULL,NULL,NULL,NULL,213.823333,7.742,0
1,2011-03-11,53.56,3.459,NULL,NULL,NULL,NULL,NULL,214.111056,7.742,0
1,2011-03-18,62.76,3.488,NULL,NULL,NULL,NULL,NULL,214.362711,7.742,0
1,2011-03-25,69.97,3.473,NULL,NULL,NULL,NULL,NULL,214.599939,7.742,0
1,2011-04-01,59.17,3.524,NULL,NULL,NULL,NULL,NULL,214.837166,7.682,0
1,2011-04-08,67.84,3.622,NULL,NULL,NULL,NULL,NULL,215.074394,7.682,0
1,2011-04-15,71.27,3.743,NULL,NULL,NULL,NULL,NULL,215.291856,7.682,0
1,2011-04-22,72.99,3.807,NULL,NULL,NULL,NULL,NULL,215.459905,7.682,0
1,2011-04-29,72.03,3.810,NULL,NULL,NULL,NULL,NULL,215.627954,7.682,0
1,2011-05-06,64.61,3.906,NULL,NULL,NULL,NULL,NULL,215.796004,7.682,0
1,2011-05-13,75.64,3.899,NULL,NULL,NULL,NULL,NULL,215.964053,7.682,0
1,2011-05-20,67.63,3.907,NULL,NULL,NULL,NULL,NULL,215.733920,7.682,0
1,2011-05-27,77.72,3.786,NULL,NULL,NULL,NULL,NULL,215.503788,7.682,0
1,2011-06-03,83.00,3.699,NULL,NULL,NULL,NULL,NULL,215.273655,7.682,0
1,2011-06-10,83.13,3.648,NULL,NULL,NULL,NULL,NULL,215.043523,7.682,0
1,2011-06-17,86.41,3.637,NULL,NULL,NULL,NULL,NULL,214.998060,7.682,0
1,2011-06-24,83.58,3.594,NULL,NULL,NULL,NULL,NULL,215.091098,7.682,0
1,2011-07-01,85.55,3.524,NULL,NULL,NULL,NULL,NULL,215.184137,7.962,0
1,2011-07-08,85.83,3.480,NULL,NULL,NULL,NULL,NULL,215.277175,7.962,0
1,2011-07-15,88.54,3.575,NULL,NULL,NULL,NULL,NULL,215.361109,7.962,0
1,2011-07-22,85.77,3.651,NULL,NULL,NULL,NULL,NULL,215.422278,7.962,0
1,2011-07-29,86.83,3.682,NULL,NULL,NULL,NULL,NULL,215.483448,7.962,0
1,2011-08-05,91.65,3.684,NULL,NULL,NULL,NULL,NULL,215.544618,7.962,0
1,2011-08-12,90.76,3.638,NULL,NULL,NULL,NULL,NULL,215.605788,7.962,0
1,2011-08-19,89.94,3.554,NULL,NULL,NULL,NULL,NULL,215.669311,7.962,0
1,2011-08-26,87.96,3.523,NULL,NULL,NULL,NULL,NULL,215.733226,7.962,0
1,2011-09-02,87.83,3.533,NULL,NULL,NULL,NULL,NULL,215.797141,7.962,0
1,2011-09-09,76.00,3.546,NULL,NULL,NULL,NULL,NULL,215.861056,7.962,1
1,2011-09-16,79.94,3.526,NULL,NULL,NULL,NULL,NULL,216.041053,7.962,0
1,2011-09-23,75.80,3.467,NULL,NULL,NULL,NULL,NULL,216.375825,7.962,0
1,2011-09-30,79.69,3.355,NULL,NULL,NULL,NULL,NULL,216.710597,7.962,0
1,2011-10-07,69.31,3.285,NULL,NULL,NULL,NULL,NULL,217.045368,7.866,0
1,2011-10-14,71.74,3.274,NULL,NULL,NULL,NULL,NULL,217.355273,7.866,0
1,2011-10-21,63.71,3.353,NULL,NULL,NULL,NULL,NULL,217.515976,7.866,0
1,2011-10-28,66.57,3.372,NULL,NULL,NULL,NULL,NULL,217.676679,7.866,0
1,2011-11-04,54.98,3.332,NULL,NULL,NULL,NULL,NULL,217.837382,7.866,0
1,2011-11-11,59.11,3.297,10382.90,6115.67,215.07,2406.62,6551.42,217.998085,7.866,0
1,2011-11-18,62.25,3.308,6074.12,254.39,51.98,427.39,5988.57,218.220509,7.866,0
1,2011-11-25,60.14,3.236,410.31,98.00,55805.51,8.00,554.92,218.467621,7.866,1
1,2011-12-02,48.91,3.172,5629.51,68.00,1398.11,2084.64,20475.32,218.714733,7.866,0
1,2011-12-09,43.93,3.158,4640.65,19.00,105.02,3639.42,14461.82,218.961846,7.866,0
1,2011-12-16,51.63,3.159,5011.32,67.00,347.37,225.79,4011.37,219.179453,7.866,0
1,2011-12-23,47.96,3.112,2725.36,40.48,634.70,24.90,2739.43,219.357722,7.866,0
1,2011-12-30,44.55,3.129,5762.10,46011.38,260.36,983.65,4735.78,219.535990,7.866,1
1,2012-01-06,49.01,3.157,6277.39,21813.16,143.10,1450.13,8483.00,219.714258,7.348,0
1,2012-01-13,48.53,3.261,5183.29,8025.87,42.24,453.08,3719.38,219.892526,7.348,0
1,2012-01-20,54.11,3.268,4139.87,2807.19,33.88,500.62,3400.21,219.985689,7.348,0
1,2012-01-27,54.26,3.290,1164.46,1082.74,44.00,11.00,1222.19,220.078852,7.348,0
1,2012-02-03,56.55,3.360,34577.06,3579.21,160.53,32403.87,5630.40,220.172015,7.348,0
1,2012-02-10,48.02,3.409,13925.06,6927.23,101.64,8471.88,6886.04,220.265178,7.348,1
1,2012-02-17,45.32,3.510,9873.33,11062.27,9.80,8409.31,3402.66,220.425759,7.348,0
1,2012-02-24,57.25,3.555,9349.61,7556.01,3.20,1219.92,8143.59,220.636902,7.348,0
1,2012-03-02,60.96,3.630,15441.40,1569.00,10.80,25390.88,8067.61,220.848045,7.348,0
1,2012-03-09,58.76,3.669,10331.04,151.88,6.00,671.43,5509.84,221.059189,7.348,0
1,2012-03-16,64.74,3.734,4298.16,7.50,2.02,2724.65,2017.69,221.211813,7.348,0
1,2012-03-23,65.93,3.787,6118.56,9.48,4.97,426.72,3657.22,221.286413,7.348,0
1,2012-03-30,67.61,3.845,10309.58,0.50,10.25,1654.17,2642.78,221.361012,7.348,0
1,2012-04-06,70.43,3.891,10121.97,NULL,77.98,3750.59,4510.72,221.435611,7.143,0
1,2012-04-13,69.07,3.891,6186.19,3288.69,17.07,1822.55,1063.78,221.510211,7.143,0
1,2012-04-20,66.76,3.877,2230.80,612.02,19.75,275.13,5747.10,221.564074,7.143,0
1,2012-04-27,67.23,3.814,3221.25,NULL,35.49,577.14,6222.25,221.617937,7.143,0
1,2012-05-04,75.55,3.749,21290.13,NULL,69.89,4977.35,3261.04,221.671800,7.143,0
1,2012-05-11,73.77,3.688,8351.40,NULL,10.52,2443.14,3127.88,221.725663,7.143,0
1,2012-05-18,70.33,3.630,6154.14,NULL,45.11,1675.49,5508.18,221.742674,7.143,0
1,2012-05-25,77.22,3.561,4039.39,NULL,745.19,1429.96,3631.13,221.744944,7.143,0
1,2012-06-01,77.95,3.501,6086.21,12.00,370.51,148.75,3690.85,221.747214,7.143,0
1,2012-06-08,78.30,3.452,8813.81,116.80,64.55,2652.04,7161.91,221.749484,7.143,0
1,2012-06-15,79.35,3.393,5621.99,109.60,0.25,2420.28,3083.26,221.762642,7.143,0
1,2012-06-22,78.39,3.346,8624.56,171.25,3.05,2524.07,7063.68,221.803021,7.143,0
1,2012-06-29,84.88,3.286,3965.73,161.60,NULL,435.99,4212.97,221.843400,7.143,0
1,2012-07-06,81.57,3.227,12218.76,94.40,192.83,4066.01,6149.04,221.883779,6.908,0
1,2012-07-13,77.12,3.256,7218.13,45.20,36.24,3909.38,2596.37,221.924158,6.908,0
1,2012-07-20,80.42,3.311,3213.00,313.72,9.53,2262.02,3228.19,221.932727,6.908,0
1,2012-07-27,82.66,3.407,7146.90,389.02,1.59,10267.54,4325.19,221.941295,6.908,0
1,2012-08-03,86.11,3.417,27584.78,119.98,30.23,12007.04,4661.71,221.949864,6.908,0
1,2012-08-10,85.05,3.494,11436.22,245.00,6.85,6964.26,4836.22,221.958433,6.908,0
1,2012-08-17,84.85,3.571,3662.06,137.86,4.84,2752.20,3446.15,222.038411,6.908,0
1,2012-08-24,77.66,3.620,6237.83,260.06,2.97,3463.03,7988.25,222.171946,6.908,0
1,2012-08-31,80.49,3.638,21442.73,102.32,21.70,13209.64,3032.96,222.305481,6.908,0
1,2012-09-07,83.96,3.730,5204.68,35.74,50.94,4120.32,2737.17,222.439015,6.908,1
1,2012-09-14,74.97,3.717,17212.52,7.00,18.79,1523.11,7992.72,222.582019,6.908,0
1,2012-09-21,69.87,3.721,6352.30,7.64,4.69,1010.06,6456.71,222.781839,6.908,0
1,2012-09-28,76.08,3.666,3666.27,7.64,1.65,1417.96,4744.28,222.981658,6.908,0
1,2012-10-05,68.55,3.617,8077.89,NULL,18.22,3617.43,3626.14,223.181477,6.573,0
1,2012-10-12,62.99,3.601,2086.18,NULL,8.11,602.36,5926.45,223.381297,6.573,0
1,2012-10-19,67.97,3.594,950.33,NULL,4.93,80.25,2312.85,223.425723,6.573,0
1,2012-10-26,69.16,3.506,2585.85,31.75,6.00,1057.16,1305.01,223.444251,6.573,0
1,2012-11-02,55.32,3.386,6766.44,5147.70,50.82,3639.90,2737.42,223.462779,6.573,0
1,2012-11-09,61.24,3.314,11421.32,3370.89,40.28,4646.79,6154.16,223.481307,6.573,0
1,2012-11-16,52.92,3.252,9696.28,292.10,103.78,1133.15,6612.69,223.512911,6.573,0
1,2012-11-23,56.23,3.211,883.59,4.17,74910.32,209.91,303.32,223.561947,6.573,1
1,2012-11-30,52.34,3.207,2460.03,NULL,3838.35,150.57,6966.34,223.610984,6.573,0
1,2012-12-07,64.12,3.198,6343.16,NULL,270.00,2928.90,10147.90,223.660021,6.573,0
1,2012-12-14,48.89,3.168,3504.83,NULL,73.26,1636.80,2779.60,223.719277,6.573,0
1,2012-12-21,56.02,3.098,8231.71,NULL,274.00,358.15,2834.02,223.839846,6.573,0
1,2012-12-28,44.79,3.108,12659.55,37101.13,174.78,74.46,1208.86,223.960414,6.573,1
1,2013-01-04,41.73,3.161,1214.08,25366.33,15.01,72.36,3940.02,224.080983,6.525,0
1,2013-01-11,50.32,3.243,6520.24,16134.60,12.17,774.55,4001.25,224.201552,6.525,0
1,2013-01-18,42.92,3.237,3772.69,3559.46,3.88,246.62,1900.40,224.235813,6.525,0
1,2013-01-25,53.37,3.227,965.89,1097.91,0.10,225.36,1831.88,224.235552,6.525,0
1,2013-02-01,56.46,3.244,9290.91,1359.90,265.00,20657.82,972.61,224.235290,6.525,0
1,2013-02-08,56.67,3.417,32355.16,729.80,280.89,20426.61,4671.78,224.235029,6.525,1
1,2013-02-15,49.66,3.475,72937.29,6665.52,47.21,13014.67,6310.18,224.276053,6.525,0
1,2013-02-22,50.25,3.597,20107.75,3163.89,42.20,15657.30,5812.86,224.420290,6.525,0
1,2013-03-01,48.01,3.711,10610.74,261.46,2.80,25.54,2747.59,224.564526,6.525,0
1,2013-03-08,50.81,3.658,5000.58,290.46,78.77,606.15,3697.11,224.708763,6.525,0
1,2013-03-15,55.33,3.622,3808.13,NULL,15.65,2616.60,1909.17,224.835681,6.525,0
1,2013-03-22,63.42,3.611,12553.98,NULL,495.10,6787.75,2545.66,224.919301,6.525,0
1,2013-03-29,51.00,3.606,13067.46,NULL,384.90,122.93,3903.80,225.002920,6.525,0
1,2013-04-05,58.59,3.583,12872.34,5687.86,485.97,478.04,5092.33,225.086540,6.314,0
1,2013-04-12,62.72,3.529,3672.43,932.58,52.86,949.07,2836.64,225.170160,6.314,0
1,2013-04-19,67.10,3.451,3530.36,3.95,107.50,458.76,2062.05,225.170160,6.314,0
1,2013-04-26,59.23,3.417,2387.72,NULL,98.34,516.28,1421.63,225.170160,6.314,0
1,2013-05-03,66.66,3.386,2298.63,2.00,129.90,55.46,1301.04,NULL,NULL,0
1,2013-05-10,63.90,3.392,4624.61,83.88,42.38,1618.31,8144.90,NULL,NULL,0
1,2013-05-17,69.53,3.454,16170.50,92.00,8.32,4127.24,6206.97,NULL,NULL,0
1,2013-05-24,77.19,3.494,7959.89,178.00,1621.47,3152.57,2938.70,NULL,NULL,0
1,2013-05-31,78.02,3.466,2369.77,142.45,475.35,45.55,2056.84,NULL,NULL,0
1,2013-06-07,76.44,3.439,3514.75,742.59,116.15,1015.44,5137.09,NULL,NULL,0
1,2013-06-14,79.86,3.431,12592.32,527.48,402.88,7474.56,2484.44,NULL,NULL,0
1,2013-06-21,81.35,3.479,8104.02,417.99,327.33,5182.25,3754.44,NULL,NULL,0
1,2013-06-28,83.94,3.495,4205.98,796.70,6.84,3816.78,4812.74,NULL,NULL,0
1,2013-07-05,79.85,3.422,7649.99,3503.29,1766.77,9454.96,1079.89,NULL,NULL,0
1,2013-07-12,83.12,3.400,6089.94,1362.42,209.62,2367.42,2651.05,NULL,NULL,0
1,2013-07-19,79.26,3.556,3117.04,1060.39,199.05,1012.30,5381.72,NULL,NULL,0
1,2013-07-26,81.54,3.620,332.17,673.19,1.00,38.63,1245.20,NULL,NULL,0
2,2010-02-05,40.19,2.572,NULL,NULL,NULL,NULL,NULL,210.752605,8.324,0
2,2010-02-12,38.49,2.548,NULL,NULL,NULL,NULL,NULL,210.897994,8.324,1
2,2010-02-19,39.69,2.514,NULL,NULL,NULL,NULL,NULL,210.945161,8.324,0
2,2010-02-26,46.10,2.561,NULL,NULL,NULL,NULL,NULL,210.975957,8.324,0
2,2010-03-05,47.17,2.625,NULL,NULL,NULL,NULL,NULL,211.006754,8.324,0
2,2010-03-12,57.56,2.667,NULL,NULL,NULL,NULL,NULL,211.037551,8.324,0
2,2010-03-19,54.52,2.720,NULL,NULL,NULL,NULL,NULL,210.873332,8.324,0
2,2010-03-26,51.26,2.732,NULL,NULL,NULL,NULL,NULL,210.676610,8.324,0
2,2010-04-02,63.27,2.719,NULL,NULL,NULL,NULL,NULL,210.479887,8.200,0
2,2010-04-09,65.41,2.770,NULL,NULL,NULL,NULL,NULL,210.283165,8.200,0
2,2010-04-16,68.07,2.808,NULL,NULL,NULL,NULL,NULL,210.149546,8.200,0
2,2010-04-23,65.11,2.795,NULL,NULL,NULL,NULL,NULL,210.100065,8.200,0
2,2010-04-30,66.98,2.780,NULL,NULL,NULL,NULL,NULL,210.050583,8.200,0
2,2010-05-07,71.28,2.835,NULL,NULL,NULL,NULL,NULL,210.001102,8.200,0
2,2010-05-14,73.31,2.854,NULL,NULL,NULL,NULL,NULL,209.998459,8.200,0
2,2010-05-21,74.83,2.826,NULL,NULL,NULL,NULL,NULL,210.276844,8.200,0
2,2010-05-28,81.13,2.759,NULL,NULL,NULL,NULL,NULL,210.555230,8.200,0
2,2010-06-04,81.81,2.705,NULL,NULL,NULL,NULL,NULL,210.833616,8.200,0
2,2010-06-11,83.40,2.668,NULL,NULL,NULL,NULL,NULL,211.112002,8.200,0
2,2010-06-18,85.81,2.637,NULL,NULL,NULL,NULL,NULL,211.109654,8.200,0
2,2010-06-25,86.26,2.653,NULL,NULL,NULL,NULL,NULL,210.995013,8.200,0
2,2010-07-02,82.74,2.669,NULL,NULL,NULL,NULL,NULL,210.880373,8.099,0
2,2010-07-09,82.59,2.642,NULL,NULL,NULL,NULL,NULL,210.765732,8.099,0
2,2010-07-16,85.32,2.623,NULL,NULL,NULL,NULL,NULL,210.757795,8.099,0
2,2010-07-23,87.66,2.608,NULL,NULL,NULL,NULL,NULL,210.892132,8.099,0
2,2010-07-30,83.49,2.640,NULL,NULL,NULL,NULL,NULL,211.026468,8.099,0
2,2010-08-06,89.53,2.627,NULL,NULL,NULL,NULL,NULL,211.160805,8.099,0
2,2010-08-13,89.05,2.692,NULL,NULL,NULL,NULL,NULL,211.295141,8.099,0
2,2010-08-20,88.70,2.664,NULL,NULL,NULL,NULL,NULL,211.259659,8.099,0
2,2010-08-27,87.12,2.619,NULL,NULL,NULL,NULL,NULL,211.224176,8.099,0
2,2010-09-03,81.83,2.577,NULL,NULL,NULL,NULL,NULL,211.188693,8.099,0
2,2010-09-10,79.09,2.565,NULL,NULL,NULL,NULL,NULL,211.153210,8.099,1
2,2010-09-17,82.05,2.582,NULL,NULL,NULL,NULL,NULL,211.180642,8.099,0
2,2010-09-24,81.79,2.624,NULL,NULL,NULL,NULL,NULL,211.255258,8.099,0
2,2010-10-01,69.24,2.603,NULL,NULL,NULL,NULL,NULL,211.329874,8.163,0
2,2010-10-08,63.19,2.633,NULL,NULL,NULL,NULL,NULL,211.404491,8.163,0
2,2010-10-15,65.80,2.720,NULL,NULL,NULL,NULL,NULL,211.471329,8.163,0
2,2010-10-22,68.50,2.725,NULL,NULL,NULL,NULL,NULL,211.518721,8.163,0
2,2010-10-29,66.24,2.716,NULL,NULL,NULL,NULL,NULL,211.566113,8.163,0
2,2010-11-05,57.85,2.689,NULL,NULL,NULL,NULL,NULL,211.613505,8.163,0
2,2010-11-12,59.69,2.728,NULL,NULL,NULL,NULL,NULL,211.660898,8.163,0
2,2010-11-19,50.81,2.771,NULL,NULL,NULL,NULL,NULL,211.547030,8.163,0
2,2010-11-26,62.98,2.735,NULL,NULL,NULL,NULL,NULL,211.406287,8.163,1
2,2010-12-03,49.33,2.708,NULL,NULL,NULL,NULL,NULL,211.265543,8.163,0
2,2010-12-10,45.50,2.843,NULL,NULL,NULL,NULL,NULL,211.124799,8.163,0
2,2010-12-17,47.55,2.869,NULL,NULL,NULL,NULL,NULL,211.064546,8.163,0
2,2010-12-24,49.97,2.886,NULL,NULL,NULL,NULL,NULL,211.064660,8.163,0
2,2010-12-31,47.30,2.943,NULL,NULL,NULL,NULL,NULL,211.064774,8.163,1
2,2011-01-07,44.69,2.976,NULL,NULL,NULL,NULL,NULL,211.064888,8.028,0
2,2011-01-14,33.02,2.983,NULL,NULL,NULL,NULL,NULL,211.117671,8.028,0
2,2011-01-21,41.40,3.016,NULL,NULL,NULL,NULL,NULL,211.486469,8.028,0
2,2011-01-28,42.83,3.010,NULL,NULL,NULL,NULL,NULL,211.855267,8.028,0
2,2011-02-04,38.25,2.989,NULL,NULL,NULL,NULL,NULL,212.224065,8.028,0
2,2011-02-11,33.19,3.022,NULL,NULL,NULL,NULL,NULL,212.592862,8.028,1
2,2011-02-18,57.83,3.045,NULL,NULL,NULL,NULL,NULL,212.903312,8.028,0
2,2011-02-25,60.80,3.065,NULL,NULL,NULL,NULL,NULL,213.190421,8.028,0
2,2011-03-04,57.77,3.288,NULL,NULL,NULL,NULL,NULL,213.477531,8.028,0
2,2011-03-11,52.70,3.459,NULL,NULL,NULL,NULL,NULL,213.764640,8.028,0
2,2011-03-18,62.32,3.488,NULL,NULL,NULL,NULL,NULL,214.015624,8.028,0
2,2011-03-25,69.42,3.473,NULL,NULL,NULL,NULL,NULL,214.252157,8.028,0
2,2011-04-01,55.43,3.524,NULL,NULL,NULL,NULL,NULL,214.488691,7.931,0
2,2011-04-08,67.00,3.622,NULL,NULL,NULL,NULL,NULL,214.725224,7.931,0
2,2011-04-15,69.48,3.743,NULL,NULL,NULL,NULL,NULL,214.942063,7.931,0
2,2011-04-22,69.39,3.807,NULL,NULL,NULL,NULL,NULL,215.109666,7.931,0
2,2011-04-29,69.21,3.810,NULL,NULL,NULL,NULL,NULL,215.277268,7.931,0
2,2011-05-06,61.48,3.906,NULL,NULL,NULL,NULL,NULL,215.444871,7.931,0
2,2011-05-13,74.61,3.899,NULL,NULL,NULL,NULL,NULL,215.612474,7.931,0
2,2011-05-20,67.14,3.907,NULL,NULL,NULL,NULL,NULL,215.383478,7.931,0
2,2011-05-27,76.42,3.786,NULL,NULL,NULL,NULL,NULL,215.154482,7.931,0
2,2011-06-03,83.07,3.699,NULL,NULL,NULL,NULL,NULL,214.925487,7.931,0
2,2011-06-10,83.40,3.648,NULL,NULL,NULL,NULL,NULL,214.696491,7.931,0
2,2011-06-17,86.53,3.637,NULL,NULL,NULL,NULL,NULL,214.651354,7.931,0
2,2011-06-24,85.17,3.594,NULL,NULL,NULL,NULL,NULL,214.744111,7.931,0
2,2011-07-01,85.69,3.524,NULL,NULL,NULL,NULL,NULL,214.836868,7.852,0
2,2011-07-08,87.70,3.480,NULL,NULL,NULL,NULL,NULL,214.929625,7.852,0
2,2011-07-15,89.83,3.575,NULL,NULL,NULL,NULL,NULL,215.013443,7.852,0
2,2011-07-22,89.34,3.651,NULL,NULL,NULL,NULL,NULL,215.074912,7.852,0
2,2011-07-29,90.07,3.682,NULL,NULL,NULL,NULL,NULL,215.136382,7.852,0
2,2011-08-05,93.34,3.684,NULL,NULL,NULL,NULL,NULL,215.197852,7.852,0
2,2011-08-12,91.58,3.638,NULL,NULL,NULL,NULL,NULL,215.259321,7.852,0
2,2011-08-19,89.86,3.554,NULL,NULL,NULL,NULL,NULL,215.322931,7.852,0
2,2011-08-26,90.45,3.523,NULL,NULL,NULL,NULL,NULL,215.386897,7.852,0
2,2011-09-02,89.64,3.533,NULL,NULL,NULL,NULL,NULL,215.450863,7.852,0
2,2011-09-09,77.97,3.546,NULL,NULL,NULL,NULL,NULL,215.514830,7.852,1
2,2011-09-16,78.85,3.526,NULL,NULL,NULL,NULL,NULL,215.694438,7.852,0
2,2011-09-23,75.58,3.467,NULL,NULL,NULL,NULL,NULL,216.028236,7.852,0
2,2011-09-30,78.14,3.355,NULL,NULL,NULL,NULL,NULL,216.362033,7.852,0
2,2011-10-07,69.92,3.285,NULL,NULL,NULL,NULL,NULL,216.695831,7.441,0
2,2011-10-14,71.67,3.274,NULL,NULL,NULL,NULL,NULL,217.004826,7.441,0
2,2011-10-21,64.53,3.353,NULL,NULL,NULL,NULL,NULL,217.165004,7.441,0
2,2011-10-28,65.87,3.372,NULL,NULL,NULL,NULL,NULL,217.325182,7.441,0
2,2011-11-04,55.53,3.332,NULL,NULL,NULL,NULL,NULL,217.485361,7.441,0
2,2011-11-11,59.33,3.297,10797.64,20445.00,443.32,4754.07,4787.16,217.645539,7.441,0
2,2011-11-18,62.01,3.308,6490.92,1217.76,152.12,873.82,7656.42,217.867022,7.441,0
2,2011-11-25,56.36,3.236,919.71,62.00,77451.26,23.00,1589.43,218.113027,7.441,1
2,2011-12-02,48.74,3.172,8010.99,83.47,1897.27,4444.00,28238.93,218.359032,7.441,0
2,2011-12-09,41.76,3.158,11472.59,40.00,306.43,4160.55,8899.08,218.605037,7.441,0
2,2011-12-16,50.13,3.159,4908.83,61.03,341.49,469.80,4744.27,218.821793,7.441,0
2,2011-12-23,46.66,3.112,2971.04,15.18,1501.75,88.76,6437.61,218.999550,7.441,0
2,2011-12-30,44.57,3.129,8321.44,92523.94,139.53,1515.40,3027.69,219.177306,7.441,1
2,2012-01-06,46.75,3.157,5886.72,37454.29,121.16,2388.92,7103.97,219.355063,7.057,0
2,2012-01-13,45.99,3.261,4414.72,12092.63,98.38,708.18,4245.60,219.532820,7.057,0
2,2012-01-20,51.70,3.268,6552.26,4355.69,105.97,1703.10,3376.03,219.625842,7.057,0
2,2012-01-27,50.50,3.290,1920.15,1507.56,86.09,43.40,2613.53,219.718864,7.057,0
2,2012-02-03,55.21,3.360,75149.79,3818.85,221.40,48159.86,7423.61,219.811885,7.057,0
2,2012-02-10,46.98,3.409,13510.89,6674.42,94.07,14114.90,9577.83,219.904907,7.057,1
2,2012-02-17,43.82,3.510,13942.54,14273.24,15.76,4927.14,6650.08,220.065199,7.057,0
2,2012-02-24,54.63,3.555,13048.36,12059.10,10.20,5299.73,10380.03,220.275944,7.057,0
2,2012-03-02,58.79,3.630,23901.27,2144.70,9.00,9799.63,4929.53,220.486689,7.057,0
2,2012-03-09,57.11,3.669,11784.91,368.32,3.00,2498.17,7746.00,220.697433,7.057,0
2,2012-03-16,63.68,3.734,5965.99,230.42,3.00,2650.77,2073.81,220.849847,7.057,0
2,2012-03-23,64.01,3.787,6008.98,139.93,6.63,1650.49,5263.08,220.924486,7.057,0
2,2012-03-30,66.83,3.845,14369.30,164.77,17.00,1017.31,3470.49,220.999125,7.057,0
2,2012-04-06,68.43,3.891,12132.59,1.30,32.58,4874.69,5535.13,221.073764,6.891,0
2,2012-04-13,68.08,3.891,8994.04,6573.08,20.21,4162.20,1966.38,221.148403,6.891,0
2,2012-04-20,65.69,3.877,7311.02,2236.20,33.53,878.07,4080.32,221.202107,6.891,0
2,2012-04-27,67.20,3.814,3076.68,NULL,38.32,108.71,2708.90,221.255812,6.891,0
2,2012-05-04,76.73,3.749,23731.47,NULL,78.09,7931.42,4443.52,221.309517,6.891,0
2,2012-05-11,73.87,3.688,16519.50,NULL,117.38,5131.02,3634.25,221.363221,6.891,0
2,2012-05-18,71.27,3.630,9262.12,NULL,42.67,3694.80,4612.01,221.380331,6.891,0
2,2012-05-25,78.19,3.561,10701.32,NULL,1030.53,3595.04,14920.27,221.382803,6.891,0
2,2012-06-01,78.38,3.501,13091.33,21.00,245.37,2993.15,5521.72,221.385275,6.891,0
2,2012-06-08,78.69,3.452,12162.04,463.60,78.39,3610.78,10877.64,221.387747,6.891,0
2,2012-06-15,80.56,3.393,8573.41,195.00,0.19,4455.38,5288.61,221.400990,6.891,0
2,2012-06-22,81.04,3.346,12126.02,314.00,60.99,6058.60,36430.33,221.441162,6.891,0
2,2012-06-29,86.32,3.286,8495.34,275.80,NULL,1935.16,5686.13,221.481334,6.891,0
2,2012-07-06,84.20,3.227,12355.50,295.05,100.15,6720.40,5506.53,221.521506,6.565,0
2,2012-07-13,80.17,3.256,8354.65,342.25,20.53,5674.44,5012.22,221.561678,6.565,0
2,2012-07-20,83.23,3.311,6961.58,241.20,24.97,3401.36,2453.42,221.570112,6.565,0
2,2012-07-27,86.37,3.407,6999.14,197.72,2.53,6319.33,5007.01,221.578546,6.565,0
2,2012-08-03,90.22,3.417,27650.68,164.58,43.02,21801.90,6652.98,221.586980,6.565,0
2,2012-08-10,88.55,3.494,5554.54,142.30,13.43,4187.43,5286.19,221.595414,6.565,0
2,2012-08-17,84.79,3.571,4774.16,330.78,10.53,4253.28,4927.26,221.675146,6.565,0
2,2012-08-24,76.91,3.620,4759.70,211.38,6.62,2972.88,5102.26,221.808352,6.565,0
2,2012-08-31,82.64,3.638,17500.26,73.22,21.38,12878.62,4756.50,221.941558,6.565,0
2,2012-09-07,87.65,3.730,10658.86,149.28,60.97,2920.90,3275.57,222.074764,6.565,1
2,2012-09-14,75.88,3.717,8325.93,NULL,37.32,1808.69,9314.55,222.217440,6.565,0
2,2012-09-21,71.09,3.721,6707.94,3.82,15.55,1001.42,7607.94,222.416936,6.565,0
2,2012-09-28,79.45,3.666,7106.05,1.91,1.65,1549.10,3946.03,222.616433,6.565,0
2,2012-10-05,70.27,3.617,6037.76,NULL,10.04,3027.37,3853.40,222.815930,6.170,0
2,2012-10-12,60.97,3.601,2145.50,NULL,33.31,586.83,10421.01,223.015426,6.170,0
2,2012-10-19,68.08,3.594,4461.89,NULL,1.14,1579.67,2642.29,223.059808,6.170,0
2,2012-10-26,69.79,3.506,6152.59,129.77,200.00,272.29,2924.15,223.078337,6.170,0
2,2012-11-02,56.40,3.386,9585.99,6181.03,32.40,1571.20,4510.08,223.096866,6.170,0
2,2012-11-09,61.90,3.314,9497.69,2711.51,109.45,7185.16,6480.49,223.115394,6.170,0
2,2012-11-16,52.72,3.252,26925.38,285.03,101.44,2014.28,8732.45,223.146903,6.170,0
2,2012-11-23,58.06,3.211,2280.54,2.49,105146.30,927.97,1253.85,223.195717,6.170,1
2,2012-11-30,52.64,3.207,4764.84,NULL,4748.06,200.48,6088.49,223.244532,6.170,0
2,2012-12-07,64.19,3.198,7303.66,NULL,460.32,2352.61,14872.79,223.293346,6.170,0
2,2012-12-14,47.69,3.168,5550.46,NULL,50.00,871.41,2419.54,223.352397,6.170,0
2,2012-12-21,55.14,3.098,5692.66,248.76,312.92,594.17,2167.73,223.472864,6.170,0
2,2012-12-28,41.56,3.108,13194.12,56549.69,377.76,115.89,3479.80,223.593332,6.170,1
2,2013-01-04,39.12,3.161,2045.13,34381.53,26.36,159.76,3863.31,223.713799,6.237,0
2,2013-01-11,47.42,3.243,6722.95,12098.17,13.68,1067.36,5383.20,223.834266,6.237,0
2,2013-01-18,40.98,3.237,3737.16,3047.90,9.26,49.14,2758.10,223.868820,6.237,0
2,2013-01-25,51.33,3.227,1599.61,1605.81,0.60,161.21,1963.72,223.869008,6.237,0
2,2013-02-01,54.75,3.244,13078.90,1642.02,545.20,12725.35,5002.74,223.869197,6.237,0
2,2013-02-08,56.08,3.417,63622.34,687.56,358.29,44824.98,8167.67,223.869385,6.237,1
2,2013-02-15,48.92,3.475,16105.39,6019.52,11.33,5982.79,7043.58,223.910671,6.237,0
2,2013-02-22,48.16,3.597,6907.35,4354.20,16.58,1054.97,3019.84,224.054703,6.237,0
2,2013-03-01,46.08,3.711,6023.68,439.60,4.40,56.86,4416.82,224.198735,6.237,0
2,2013-03-08,51.12,3.658,24134.43,54.43,136.70,7235.69,6441.67,224.342767,6.237,0
2,2013-03-15,55.14,3.622,7640.00,NULL,29.43,1461.60,1824.17,224.469439,6.237,0
2,2013-03-22,59.97,3.611,11184.28,NULL,853.30,3319.20,3870.64,224.552712,6.237,0
2,2013-03-29,50.54,3.606,8248.47,NULL,769.51,774.08,3513.62,224.635985,6.237,0
2,2013-04-05,58.30,3.583,16944.64,4983.34,411.07,2378.92,3007.06,224.719258,6.112,0
2,2013-04-12,61.23,3.529,10165.99,395.13,66.86,1537.62,3122.19,224.802531,6.112,0
2,2013-04-19,67.05,3.451,6858.52,12.72,104.72,219.88,2640.86,224.802531,6.112,0
2,2013-04-26,58.13,3.417,2782.18,11.92,146.45,461.83,2046.53,224.802531,6.112,0
2,2013-05-03,65.26,3.386,12613.71,21.98,120.42,4940.30,2407.24,NULL,NULL,0
2,2013-05-10,63.51,3.392,7793.30,706.58,76.82,2788.92,35238.98,NULL,NULL,0
2,2013-05-17,70.55,3.454,6242.52,423.82,9.06,1470.25,4390.07,NULL,NULL,0
2,2013-05-24,76.83,3.494,6252.19,358.76,1665.35,797.59,3837.10,NULL,NULL,0
2,2013-05-31,78.05,3.466,2670.48,188.50,289.22,1258.68,1601.41,NULL,NULL,0
2,2013-06-07,76.20,3.439,13644.90,900.33,221.40,8826.14,7275.75,NULL,NULL,0
2,2013-06-14,80.91,3.431,9784.10,548.27,674.60,2966.31,5282.33,NULL,NULL,0
2,2013-06-21,81.11,3.479,7896.26,491.02,371.73,7426.29,3043.81,NULL,NULL,0
2,2013-06-28,85.37,3.495,8638.45,2457.32,9.00,4713.20,9079.05,NULL,NULL,0
2,2013-07-05,79.48,3.422,11651.46,4984.50,2024.67,15196.91,2862.06,NULL,NULL,0
2,2013-07-12,85.41,3.400,7527.10,1244.78,84.18,2626.70,3881.66,NULL,NULL,0
2,2013-07-19,79.16,3.556,3313.12,723.52,94.85,1224.91,2471.69,NULL,NULL,0
2,2013-07-26,83.17,3.620,1966.46,609.55,91.00,493.60,2416.20,NULL,NULL,0
3,2010-02-05,45.71,2.572,NULL,NULL,NULL,NULL,NULL,214.424881,7.368,0
3,2010-02-12,47.93,2.548,NULL,NULL,NULL,NULL,NULL,214.574792,7.368,1
3,2010-02-19,47.07,2.514,NULL,NULL,NULL,NULL,NULL,214.619887,7.368,0
3,2010-02-26,52.05,2.561,NULL,NULL,NULL,NULL,NULL,214.647513,7.368,0
3,2010-03-05,53.04,2.625,NULL,NULL,NULL,NULL,NULL,214.675139,7.368,0
3,2010-03-12,63.08,2.667,NULL,NULL,NULL,NULL,NULL,214.702765,7.368,0
3,2010-03-19,60.42,2.720,NULL,NULL,NULL,NULL,NULL,214.530122,7.368,0
3,2010-03-26,57.06,2.732,NULL,NULL,NULL,NULL,NULL,214.324101,7.368,0
3,2010-04-02,65.56,2.719,NULL,NULL,NULL,NULL,NULL,214.118080,7.343,0
3,2010-04-09,68.00,2.770,NULL,NULL,NULL,NULL,NULL,213.912060,7.343,0
3,2010-04-16,66.98,2.808,NULL,NULL,NULL,NULL,NULL,213.772689,7.343,0
3,2010-04-23,67.87,2.795,NULL,NULL,NULL,NULL,NULL,213.722185,7.343,0
3,2010-04-30,70.24,2.780,NULL,NULL,NULL,NULL,NULL,213.671682,7.343,0
3,2010-05-07,73.47,2.835,NULL,NULL,NULL,NULL,NULL,213.621178,7.343,0
3,2010-05-14,77.18,2.854,NULL,NULL,NULL,NULL,NULL,213.619614,7.343,0
3,2010-05-21,75.81,2.826,NULL,NULL,NULL,NULL,NULL,213.911689,7.343,0
3,2010-05-28,78.60,2.759,NULL,NULL,NULL,NULL,NULL,214.203763,7.343,0
3,2010-06-04,78.53,2.705,NULL,NULL,NULL,NULL,NULL,214.495838,7.343,0
3,2010-06-11,82.10,2.668,NULL,NULL,NULL,NULL,NULL,214.787913,7.343,0
3,2010-06-18,83.52,2.637,NULL,NULL,NULL,NULL,NULL,214.785826,7.343,0
3,2010-06-25,83.79,2.653,NULL,NULL,NULL,NULL,NULL,214.666074,7.343,0
3,2010-07-02,82.20,2.669,NULL,NULL,NULL,NULL,NULL,214.546322,7.346,0
3,2010-07-09,81.75,2.642,NULL,NULL,NULL,NULL,NULL,214.426570,7.346,0
3,2010-07-16,84.32,2.623,NULL,NULL,NULL,NULL,NULL,214.417648,7.346,0
3,2010-07-23,83.32,2.608,NULL,NULL,NULL,NULL,NULL,214.556497,7.346,0
3,2010-07-30,82.04,2.640,NULL,NULL,NULL,NULL,NULL,214.695346,7.346,0
3,2010-08-06,85.13,2.627,NULL,NULL,NULL,NULL,NULL,214.834195,7.346,0
3,2010-08-13,86.74,2.692,NULL,NULL,NULL,NULL,NULL,214.973044,7.346,0
3,2010-08-20,88.02,2.664,NULL,NULL,NULL,NULL,NULL,214.931419,7.346,0
3,2010-08-27,86.15,2.619,NULL,NULL,NULL,NULL,NULL,214.889794,7.346,0
3,2010-09-03,84.16,2.577,NULL,NULL,NULL,NULL,NULL,214.848169,7.346,0
3,2010-09-10,80.84,2.565,NULL,NULL,NULL,NULL,NULL,214.806543,7.346,1
3,2010-09-17,82.36,2.582,NULL,NULL,NULL,NULL,NULL,214.832248,7.346,0
3,2010-09-24,76.90,2.624,NULL,NULL,NULL,NULL,NULL,214.908452,7.346,0
3,2010-10-01,73.60,2.603,NULL,NULL,NULL,NULL,NULL,214.984655,7.564,0
3,2010-10-08,66.99,2.633,NULL,NULL,NULL,NULL,NULL,215.060858,7.564,0
3,2010-10-15,69.71,2.720,NULL,NULL,NULL,NULL,NULL,215.129311,7.564,0
3,2010-10-22,71.64,2.725,NULL,NULL,NULL,NULL,NULL,215.178390,7.564,0
3,2010-10-29,72.04,2.716,NULL,NULL,NULL,NULL,NULL,215.227469,7.564,0
3,2010-11-05,62.94,2.689,NULL,NULL,NULL,NULL,NULL,215.276547,7.564,0
3,2010-11-12,62.79,2.728,NULL,NULL,NULL,NULL,NULL,215.325626,7.564,0
3,2010-11-19,57.72,2.771,NULL,NULL,NULL,NULL,NULL,215.207452,7.564,0
3,2010-11-26,68.71,2.735,NULL,NULL,NULL,NULL,NULL,215.061403,7.564,1
3,2010-12-03,53.76,2.708,NULL,NULL,NULL,NULL,NULL,214.915353,7.564,0
3,2010-12-10,51.13,2.843,NULL,NULL,NULL,NULL,NULL,214.769304,7.564,0
3,2010-12-17,52.20,2.869,NULL,NULL,NULL,NULL,NULL,214.704919,7.564,0
3,2010-12-24,57.16,2.886,NULL,NULL,NULL,NULL,NULL,214.701783,7.564,0
3,2010-12-31,53.20,2.943,NULL,NULL,NULL,NULL,NULL,214.698647,7.564,1
3,2011-01-07,53.35,2.976,NULL,NULL,NULL,NULL,NULL,214.695510,7.551,0
3,2011-01-14,44.76,2.983,NULL,NULL,NULL,NULL,NULL,214.747073,7.551,0
3,2011-01-21,50.74,3.016,NULL,NULL,NULL,NULL,NULL,215.126828,7.551,0
3,2011-01-28,48.71,3.010,NULL,NULL,NULL,NULL,NULL,215.506582,7.551,0
3,2011-02-04,45.95,2.989,NULL,NULL,NULL,NULL,NULL,215.886337,7.551,0
3,2011-02-11,43.57,3.022,NULL,NULL,NULL,NULL,NULL,216.266091,7.551,1
3,2011-02-18,61.58,3.045,NULL,NULL,NULL,NULL,NULL,216.584357,7.551,0
3,2011-02-25,67.40,3.065,NULL,NULL,NULL,NULL,NULL,216.878028,7.551,0
3,2011-03-04,65.11,3.288,NULL,NULL,NULL,NULL,NULL,217.171698,7.551,0
3,2011-03-11,61.29,3.459,NULL,NULL,NULL,NULL,NULL,217.465368,7.551,0
3,2011-03-18,69.47,3.488,NULL,NULL,NULL,NULL,NULL,217.723523,7.551,0
3,2011-03-25,72.94,3.473,NULL,NULL,NULL,NULL,NULL,217.967471,7.551,0
3,2011-04-01,68.76,3.524,NULL,NULL,NULL,NULL,NULL,218.211418,7.574,0
3,2011-04-08,72.55,3.622,NULL,NULL,NULL,NULL,NULL,218.455366,7.574,0
3,2011-04-15,75.88,3.743,NULL,NULL,NULL,NULL,NULL,218.678864,7.574,0
3,2011-04-22,76.91,3.807,NULL,NULL,NULL,NULL,NULL,218.851237,7.574,0
3,2011-04-29,78.69,3.810,NULL,NULL,NULL,NULL,NULL,219.023610,7.574,0
3,2011-05-06,69.45,3.906,NULL,NULL,NULL,NULL,NULL,219.195983,7.574,0
3,2011-05-13,79.87,3.899,NULL,NULL,NULL,NULL,NULL,219.368356,7.574,0
3,2011-05-20,75.79,3.907,NULL,NULL,NULL,NULL,NULL,219.127216,7.574,0
3,2011-05-27,84.41,3.786,NULL,NULL,NULL,NULL,NULL,218.886077,7.574,0
3,2011-06-03,84.29,3.699,NULL,NULL,NULL,NULL,NULL,218.644937,7.574,0
3,2011-06-10,84.84,3.648,NULL,NULL,NULL,NULL,NULL,218.403797,7.574,0
3,2011-06-17,86.96,3.637,NULL,NULL,NULL,NULL,NULL,218.355175,7.574,0
3,2011-06-24,84.94,3.594,NULL,NULL,NULL,NULL,NULL,218.450940,7.574,0
3,2011-07-01,85.10,3.524,NULL,NULL,NULL,NULL,NULL,218.546705,7.567,0
3,2011-07-08,85.38,3.480,NULL,NULL,NULL,NULL,NULL,218.642470,7.567,0
3,2011-07-15,87.14,3.575,NULL,NULL,NULL,NULL,NULL,218.727522,7.567,0
3,2011-07-22,86.19,3.651,NULL,NULL,NULL,NULL,NULL,218.785788,7.567,0
3,2011-07-29,88.07,3.682,NULL,NULL,NULL,NULL,NULL,218.844055,7.567,0
3,2011-08-05,88.45,3.684,NULL,NULL,NULL,NULL,NULL,218.902321,7.567,0
3,2011-08-12,88.88,3.638,NULL,NULL,NULL,NULL,NULL,218.960587,7.567,0
3,2011-08-19,88.44,3.554,NULL,NULL,NULL,NULL,NULL,219.023271,7.567,0
3,2011-08-26,87.67,3.523,NULL,NULL,NULL,NULL,NULL,219.086691,7.567,0
3,2011-09-02,89.12,3.533,NULL,NULL,NULL,NULL,NULL,219.150111,7.567,0
3,2011-09-09,81.72,3.546,NULL,NULL,NULL,NULL,NULL,219.213531,7.567,1
3,2011-09-16,83.63,3.526,NULL,NULL,NULL,NULL,NULL,219.397287,7.567,0
3,2011-09-23,80.19,3.467,NULL,NULL,NULL,NULL,NULL,219.741491,7.567,0
3,2011-09-30,82.58,3.355,NULL,NULL,NULL,NULL,NULL,220.085696,7.567,0
3,2011-10-07,75.54,3.285,NULL,NULL,NULL,NULL,NULL,220.429901,7.197,0
3,2011-10-14,73.75,3.274,NULL,NULL,NULL,NULL,NULL,220.748617,7.197,0
3,2011-10-21,69.03,3.353,NULL,NULL,NULL,NULL,NULL,220.914401,7.197,0
3,2011-10-28,71.04,3.372,NULL,NULL,NULL,NULL,NULL,221.080184,7.197,0
3,2011-11-04,59.31,3.332,NULL,NULL,NULL,NULL,NULL,221.245968,7.197,0
3,2011-11-11,61.70,3.297,8787.59,2006.62,200.01,570.57,1005.33,221.411752,7.197,0
3,2011-11-18,63.91,3.308,1383.53,23.27,19.95,865.09,2926.05,221.643285,7.197,0
3,2011-11-25,68.00,3.236,41.74,10.47,37612.74,NULL,135.16,221.901119,7.197,1
3,2011-12-02,54.97,3.172,850.86,18.94,781.71,394.29,7297.10,222.158952,7.197,0
3,2011-12-09,49.26,3.158,4059.38,6.47,123.42,833.44,3018.08,222.416785,7.197,0
3,2011-12-16,57.95,3.159,1864.61,NULL,170.36,187.42,1500.38,222.642642,7.197,0
3,2011-12-23,53.41,3.112,89.98,0.24,411.52,NULL,586.66,222.825863,7.197,0
3,2011-12-30,48.29,3.129,1449.16,14356.07,66.66,81.43,777.35,223.009084,7.197,1
3,2012-01-06,52.42,3.157,3824.22,9389.98,15.00,415.36,1476.85,223.192305,6.833,0
3,2012-01-13,51.86,3.261,3927.76,3323.64,NULL,226.97,1725.19,223.375526,6.833,0
3,2012-01-20,56.20,3.268,720.82,1629.26,1.46,16.05,799.50,223.470055,6.833,0
3,2012-01-27,58.06,3.290,774.55,349.99,NULL,4.00,328.72,223.564585,6.833,0
3,2012-02-03,59.33,3.360,9667.50,268.29,0.60,8368.15,804.24,223.659114,6.833,0
3,2012-02-10,51.65,3.409,8687.47,1594.87,2.20,2144.87,2577.83,223.753643,6.833,1
3,2012-02-17,52.39,3.510,2706.87,3128.74,1.88,2396.68,1631.28,223.917015,6.833,0
3,2012-02-24,60.12,3.555,6129.28,1802.84,NULL,301.48,1929.71,224.132020,6.833,0
3,2012-03-02,61.65,3.630,3552.58,601.32,NULL,2666.22,1524.87,224.347025,6.833,0
3,2012-03-09,60.71,3.669,8368.50,298.46,1.39,1340.29,1416.22,224.562029,6.833,0
3,2012-03-16,64.00,3.734,2588.06,80.89,3.20,909.76,491.83,224.716695,6.833,0
3,2012-03-23,66.53,3.787,737.08,36.10,1.43,92.11,583.90,224.790910,6.833,0
3,2012-03-30,69.36,3.845,825.10,99.83,1.25,113.25,388.39,224.865125,6.833,0
3,2012-04-06,73.01,3.891,4433.71,NULL,24.45,1282.30,1062.83,224.939341,6.664,0
3,2012-04-13,72.83,3.891,5359.22,1673.42,3.00,682.03,1371.55,225.013556,6.664,0
3,2012-04-20,72.05,3.877,2784.82,130.68,1.75,425.29,904.80,225.068954,6.664,0
3,2012-04-27,73.39,3.814,1178.70,NULL,2.95,36.50,351.97,225.124353,6.664,0
3,2012-05-04,79.51,3.749,2430.23,NULL,30.92,1159.71,1432.53,225.179751,6.664,0
3,2012-05-11,75.19,3.688,3794.95,NULL,0.25,813.77,618.46,225.235150,6.664,0
3,2012-05-18,72.38,3.630,3208.73,NULL,0.30,143.23,805.06,225.251202,6.664,0
3,2012-05-25,78.58,3.561,3032.03,NULL,291.17,536.82,580.87,225.251517,6.664,0
3,2012-06-01,81.55,3.501,2664.55,10.00,220.03,618.49,1940.77,225.251831,6.664,0
3,2012-06-08,81.65,3.452,5770.48,28.60,30.18,283.70,2093.48,225.252146,6.664,0
3,2012-06-15,84.66,3.393,2014.47,31.80,1.00,631.17,835.34,225.264480,6.664,0
3,2012-06-22,82.70,3.346,1843.45,11.20,0.51,421.71,1743.54,225.306862,6.664,0
3,2012-06-29,86.42,3.286,2297.32,8.00,NULL,395.28,1182.52,225.349244,6.664,0
3,2012-07-06,83.14,3.227,2625.99,30.70,28.16,703.16,1962.17,225.391625,6.334,0
3,2012-07-13,82.28,3.256,3196.90,20.80,2.02,302.29,451.10,225.434007,6.334,0
3,2012-07-20,81.38,3.311,1266.72,66.20,3.83,149.62,558.02,225.443883,6.334,0
3,2012-07-27,84.94,3.407,3447.28,31.00,2.46,1791.70,1107.97,225.453758,6.334,0
3,2012-08-03,86.55,3.417,5683.49,37.20,0.04,2484.22,639.29,225.463633,6.334,0
3,2012-08-10,85.85,3.494,3375.44,28.40,2.40,1880.43,555.90,225.473509,6.334,0
3,2012-08-17,87.36,3.571,990.08,44.20,NULL,401.46,430.69,225.555866,6.334,0
3,2012-08-24,83.01,3.620,3062.02,26.80,NULL,1004.51,1285.29,225.692586,6.334,0
3,2012-08-31,85.18,3.638,6599.69,27.80,24.70,1743.76,428.74,225.829306,6.334,0
3,2012-09-07,84.99,3.730,2266.83,19.00,8.31,419.87,926.86,225.966026,6.334,1
3,2012-09-14,78.36,3.717,3589.70,NULL,3.72,2080.29,1760.69,226.112207,6.334,0
3,2012-09-21,72.78,3.721,3233.34,1.91,7.69,878.66,1602.11,226.315150,6.334,0
3,2012-09-28,77.46,3.666,2493.82,NULL,1.50,890.65,715.52,226.518093,6.334,0
3,2012-10-05,72.74,3.617,1750.80,NULL,3.01,480.24,646.82,226.721036,6.034,0
3,2012-10-12,70.31,3.601,775.31,NULL,2.78,498.54,328.16,226.923979,6.034,0
3,2012-10-19,73.44,3.594,629.25,NULL,7.50,75.11,3010.32,226.968844,6.034,0
3,2012-10-26,74.66,3.506,370.99,6.35,4.00,5.94,180.07,226.987364,6.034,0
3,2012-11-02,61.61,3.386,3218.13,420.29,0.55,1498.52,749.71,227.005883,6.034,0
3,2012-11-09,68.72,3.314,2540.75,985.52,0.85,273.23,422.66,227.024403,6.034,0
3,2012-11-16,61.10,3.252,1933.43,197.19,48.60,433.85,961.97,227.056924,6.034,0
3,2012-11-23,61.69,3.211,145.30,NULL,54466.91,NULL,60.92,227.108114,6.034,1
3,2012-11-30,57.50,3.207,1573.54,NULL,1095.99,157.62,2066.71,227.159304,6.034,0
3,2012-12-07,65.09,3.198,5342.10,NULL,201.00,317.78,2210.24,227.210493,6.034,0
3,2012-12-14,54.72,3.168,1214.46,NULL,28.00,119.11,861.40,227.271735,6.034,0
3,2012-12-21,59.39,3.098,3318.97,NULL,10.00,397.02,296.66,227.393286,6.034,0
3,2012-12-28,51.76,3.108,6542.05,10952.76,70.60,201.38,327.07,227.514836,6.034,1
3,2013-01-04,46.52,3.161,2917.32,7821.32,0.20,171.09,570.60,227.636387,6.108,0
3,2013-01-11,49.83,3.243,2503.67,3395.00,0.52,160.25,1366.37,227.757938,6.108,0
3,2013-01-18,49.09,3.237,659.55,779.95,2.10,43.05,674.45,227.789369,6.108,0
3,2013-01-25,57.85,3.227,524.43,838.33,0.10,19.79,907.50,227.784753,6.108,0
3,2013-02-01,62.81,3.244,2513.52,665.85,30.00,3221.12,679.96,227.780136,6.108,0
3,2013-02-08,62.77,3.417,29091.04,224.97,163.55,6151.53,782.92,227.775520,6.108,1
3,2013-02-15,57.36,3.475,7962.18,1467.18,NULL,940.34,1509.96,227.814000,6.108,0
3,2013-02-22,59.96,3.597,2005.31,1497.57,NULL,122.48,527.75,227.960222,6.108,0
3,2013-03-01,54.19,3.711,3805.93,81.37,NULL,108.54,490.13,228.106444,6.108,0
3,2013-03-08,57.25,3.658,6458.44,34.88,4.00,892.51,1095.59,228.252667,6.108,0
3,2013-03-15,61.99,3.622,3634.62,NULL,1.50,149.77,637.86,228.381961,6.108,0
3,2013-03-22,70.38,3.611,2657.14,NULL,246.00,392.86,450.58,228.468937,6.108,0
3,2013-03-29,60.69,3.606,2177.83,NULL,199.96,103.87,672.00,228.555913,6.108,0
3,2013-04-05,65.89,3.583,9649.15,1285.04,316.30,65.46,835.58,228.642888,5.999,0
3,2013-04-12,67.56,3.529,900.72,716.86,53.54,151.17,637.16,228.729864,5.999,0
3,2013-04-19,71.69,3.451,976.83,0.01,60.00,40.40,851.01,228.729864,5.999,0
3,2013-04-26,65.23,3.417,539.28,NULL,60.37,135.01,572.62,228.729864,5.999,0
3,2013-05-03,69.73,3.386,2889.32,13.00,10.61,496.24,1019.91,NULL,NULL,0
3,2013-05-10,68.93,3.392,1455.45,78.00,27.23,125.67,1513.48,NULL,NULL,0
3,2013-05-17,75.33,3.454,3388.65,145.00,2.00,321.80,1038.01,NULL,NULL,0
3,2013-05-24,81.27,3.494,3234.31,53.00,136.40,280.23,1197.92,NULL,NULL,0
3,2013-05-31,78.99,3.466,3301.63,8.51,144.57,56.15,628.77,NULL,NULL,0
3,2013-06-07,80.11,3.439,3996.14,70.74,160.60,1534.40,1694.48,NULL,NULL,0
3,2013-06-14,78.61,3.431,1728.99,94.80,235.00,433.38,1984.14,NULL,NULL,0
3,2013-06-21,82.81,3.479,875.97,117.68,165.20,262.81,1858.59,NULL,NULL,0
3,2013-06-28,85.14,3.495,1619.96,444.19,NULL,364.24,1954.88,NULL,NULL,0
3,2013-07-05,81.59,3.422,3251.59,937.90,310.40,1452.64,1440.44,NULL,NULL,0
3,2013-07-12,84.86,3.400,1362.23,645.99,34.50,255.54,2033.65,NULL,NULL,0
3,2013-07-19,81.11,3.556,718.43,228.54,37.00,521.39,627.68,NULL,NULL,0
3,2013-07-26,85.53,3.620,586.26,256.64,NULL,88.91,1152.08,NULL,NULL,0
4,2010-02-05,43.76,2.598,NULL,NULL,NULL,NULL,NULL,126.442065,8.623,0
4,2010-02-12,28.84,2.573,NULL,NULL,NULL,NULL,NULL,126.496258,8.623,1
4,2010-02-19,36.45,2.540,NULL,NULL,NULL,NULL,NULL,126.526286,8.623,0
4,2010-02-26,41.36,2.590,NULL,NULL,NULL,NULL,NULL,126.552286,8.623,0
4,2010-03-05,43.49,2.654,NULL,NULL,NULL,NULL,NULL,126.578286,8.623,0
4,2010-03-12,49.63,2.704,NULL,NULL,NULL,NULL,NULL,126.604286,8.623,0
4,2010-03-19,55.19,2.743,NULL,NULL,NULL,NULL,NULL,126.606645,8.623,0
4,2010-03-26,39.91,2.752,NULL,NULL,NULL,NULL,NULL,126.605065,8.623,0
4,2010-04-02,48.77,2.740,NULL,NULL,NULL,NULL,NULL,126.603484,7.896,0
4,2010-04-09,54.16,2.773,NULL,NULL,NULL,NULL,NULL,126.601903,7.896,0
4,2010-04-16,56.23,2.810,NULL,NULL,NULL,NULL,NULL,126.562100,7.896,0
4,2010-04-23,56.87,2.805,NULL,NULL,NULL,NULL,NULL,126.471333,7.896,0
4,2010-04-30,53.04,2.787,NULL,NULL,NULL,NULL,NULL,126.380567,7.896,0
4,2010-05-07,56.77,2.836,NULL,NULL,NULL,NULL,NULL,126.289800,7.896,0
4,2010-05-14,62.35,2.845,NULL,NULL,NULL,NULL,NULL,126.208548,7.896,0
4,2010-05-21,67.40,2.820,NULL,NULL,NULL,NULL,NULL,126.184387,7.896,0
4,2010-05-28,67.73,2.756,NULL,NULL,NULL,NULL,NULL,126.160226,7.896,0
4,2010-06-04,70.83,2.701,NULL,NULL,NULL,NULL,NULL,126.136065,7.896,0
4,2010-06-11,78.45,2.668,NULL,NULL,NULL,NULL,NULL,126.111903,7.896,0
4,2010-06-18,81.53,2.635,NULL,NULL,NULL,NULL,NULL,126.114000,7.896,0
4,2010-06-25,81.10,2.654,NULL,NULL,NULL,NULL,NULL,126.126600,7.896,0
4,2010-07-02,73.66,2.668,NULL,NULL,NULL,NULL,NULL,126.139200,7.372,0
4,2010-07-09,80.35,2.637,NULL,NULL,NULL,NULL,NULL,126.151800,7.372,0
4,2010-07-16,78.53,2.621,NULL,NULL,NULL,NULL,NULL,126.149807,7.372,0
4,2010-07-23,79.78,2.612,NULL,NULL,NULL,NULL,NULL,126.128355,7.372,0
4,2010-07-30,80.70,2.650,NULL,NULL,NULL,NULL,NULL,126.106903,7.372,0
4,2010-08-06,76.53,2.640,NULL,NULL,NULL,NULL,NULL,126.085452,7.372,0
4,2010-08-13,78.08,2.698,NULL,NULL,NULL,NULL,NULL,126.064000,7.372,0
4,2010-08-20,78.83,2.671,NULL,NULL,NULL,NULL,NULL,126.076645,7.372,0
4,2010-08-27,74.44,2.621,NULL,NULL,NULL,NULL,NULL,126.089290,7.372,0
4,2010-09-03,76.80,2.584,NULL,NULL,NULL,NULL,NULL,126.101936,7.372,0
4,2010-09-10,73.54,2.574,NULL,NULL,NULL,NULL,NULL,126.114581,7.372,1
4,2010-09-17,64.91,2.594,NULL,NULL,NULL,NULL,NULL,126.145467,7.372,0
4,2010-09-24,60.96,2.642,NULL,NULL,NULL,NULL,NULL,126.190033,7.372,0
4,2010-10-01,63.96,2.619,NULL,NULL,NULL,NULL,NULL,126.234600,7.127,0
4,2010-10-08,67.73,2.645,NULL,NULL,NULL,NULL,NULL,126.279167,7.127,0
4,2010-10-15,62.03,2.732,NULL,NULL,NULL,NULL,NULL,126.326677,7.127,0
4,2010-10-22,64.17,2.736,NULL,NULL,NULL,NULL,NULL,126.381548,7.127,0
4,2010-10-29,56.94,2.718,NULL,NULL,NULL,NULL,NULL,126.436419,7.127,0
4,2010-11-05,51.60,2.699,NULL,NULL,NULL,NULL,NULL,126.491290,7.127,0
4,2010-11-12,52.65,2.741,NULL,NULL,NULL,NULL,NULL,126.546161,7.127,0
4,2010-11-19,48.05,2.780,NULL,NULL,NULL,NULL,NULL,126.607200,7.127,0
4,2010-11-26,48.08,2.752,NULL,NULL,NULL,NULL,NULL,126.669267,7.127,1
4,2010-12-03,46.40,2.727,NULL,NULL,NULL,NULL,NULL,126.731333,7.127,0
4,2010-12-10,42.40,2.860,NULL,NULL,NULL,NULL,NULL,126.793400,7.127,0
4,2010-12-17,46.57,2.884,NULL,NULL,NULL,NULL,NULL,126.879484,7.127,0
4,2010-12-24,43.21,2.887,NULL,NULL,NULL,NULL,NULL,126.983581,7.127,0
4,2010-12-31,38.09,2.955,NULL,NULL,NULL,NULL,NULL,127.087677,7.127,1
4,2011-01-07,39.34,2.980,NULL,NULL,NULL,NULL,NULL,127.191774,6.510,0
4,2011-01-14,31.60,2.992,NULL,NULL,NULL,NULL,NULL,127.300936,6.510,0
4,2011-01-21,38.34,3.017,NULL,NULL,NULL,NULL,NULL,127.440484,6.510,0
4,2011-01-28,40.60,3.022,NULL,NULL,NULL,NULL,NULL,127.580032,6.510,0
4,2011-02-04,34.61,2.996,NULL,NULL,NULL,NULL,NULL,127.719581,6.510,0
4,2011-02-11,33.29,3.033,NULL,NULL,NULL,NULL,NULL,127.859129,6.510,1
4,2011-02-18,48.17,3.058,NULL,NULL,NULL,NULL,NULL,127.995250,6.510,0
4,2011-02-25,49.00,3.087,NULL,NULL,NULL,NULL,NULL,128.130000,6.510,0
4,2011-03-04,46.56,3.305,NULL,NULL,NULL,NULL,NULL,128.264750,6.510,0
4,2011-03-11,50.93,3.461,NULL,NULL,NULL,NULL,NULL,128.399500,6.510,0
4,2011-03-18,51.86,3.495,NULL,NULL,NULL,NULL,NULL,128.512194,6.510,0
4,2011-03-25,59.10,3.480,NULL,NULL,NULL,NULL,NULL,128.616065,6.510,0
4,2011-04-01,56.99,3.521,NULL,NULL,NULL,NULL,NULL,128.719936,5.946,0
4,2011-04-08,62.61,3.605,NULL,NULL,NULL,NULL,NULL,128.823807,5.946,0
4,2011-04-15,62.34,3.724,NULL,NULL,NULL,NULL,NULL,128.910733,5.946,0
4,2011-04-22,68.80,3.781,NULL,NULL,NULL,NULL,NULL,128.955300,5.946,0
4,2011-04-29,64.22,3.781,NULL,NULL,NULL,NULL,NULL,128.999867,5.946,0
4,2011-05-06,63.41,3.866,NULL,NULL,NULL,NULL,NULL,129.044433,5.946,0
4,2011-05-13,70.65,3.872,NULL,NULL,NULL,NULL,NULL,129.089000,5.946,0
4,2011-05-20,70.49,3.881,NULL,NULL,NULL,NULL,NULL,129.075677,5.946,0
4,2011-05-27,73.65,3.771,NULL,NULL,NULL,NULL,NULL,129.062355,5.946,0
4,2011-06-03,78.26,3.683,NULL,NULL,NULL,NULL,NULL,129.049032,5.946,0
4,2011-06-10,80.05,3.640,NULL,NULL,NULL,NULL,NULL,129.035710,5.946,0
4,2011-06-17,83.51,3.618,NULL,NULL,NULL,NULL,NULL,129.043200,5.946,0
4,2011-06-24,81.85,3.570,NULL,NULL,NULL,NULL,NULL,129.066300,5.946,0
4,2011-07-01,84.54,3.504,NULL,NULL,NULL,NULL,NULL,129.089400,5.644,0
4,2011-07-08,84.59,3.469,NULL,NULL,NULL,NULL,NULL,129.112500,5.644,0
4,2011-07-15,83.27,3.563,NULL,NULL,NULL,NULL,NULL,129.133839,5.644,0
4,2011-07-22,82.84,3.627,NULL,NULL,NULL,NULL,NULL,129.150774,5.644,0
4,2011-07-29,84.36,3.659,NULL,NULL,NULL,NULL,NULL,129.167710,5.644,0
4,2011-08-05,86.09,3.662,NULL,NULL,NULL,NULL,NULL,129.184645,5.644,0
4,2011-08-12,82.98,3.617,NULL,NULL,NULL,NULL,NULL,129.201581,5.644,0
4,2011-08-19,82.77,3.550,NULL,NULL,NULL,NULL,NULL,129.240581,5.644,0
4,2011-08-26,81.47,3.523,NULL,NULL,NULL,NULL,NULL,129.283258,5.644,0
4,2011-09-02,77.99,3.533,NULL,NULL,NULL,NULL,NULL,129.325936,5.644,0
4,2011-09-09,73.34,3.554,NULL,NULL,NULL,NULL,NULL,129.368613,5.644,1
4,2011-09-16,72.76,3.532,NULL,NULL,NULL,NULL,NULL,129.430600,5.644,0
4,2011-09-23,69.23,3.473,NULL,NULL,NULL,NULL,NULL,129.518333,5.644,0
4,2011-09-30,72.15,3.371,NULL,NULL,NULL,NULL,NULL,129.606067,5.644,0
4,2011-10-07,65.79,3.299,NULL,NULL,NULL,NULL,NULL,129.693800,5.143,0
4,2011-10-14,63.75,3.283,NULL,NULL,NULL,NULL,NULL,129.770645,5.143,0
4,2011-10-21,64.79,3.361,NULL,NULL,NULL,NULL,NULL,129.782161,5.143,0
4,2011-10-28,55.31,3.362,NULL,NULL,NULL,NULL,NULL,129.793677,5.143,0
4,2011-11-04,49.86,3.322,NULL,NULL,NULL,NULL,NULL,129.805194,5.143,0
4,2011-11-11,47.12,3.286,12851.52,16658.47,430.13,5630.01,9213.39,129.816710,5.143,0
4,2011-11-18,50.44,3.294,4539.94,840.56,372.90,613.96,5358.13,129.826833,5.143,0
4,2011-11-25,47.96,3.225,561.45,137.88,83340.33,44.04,9239.23,129.836400,5.143,1
4,2011-12-02,38.71,3.176,9762.39,160.94,2260.29,4767.86,28604.20,129.845967,5.143,0
4,2011-12-09,31.64,3.153,5857.72,30.00,984.98,4692.50,13503.99,129.855533,5.143,0
4,2011-12-16,36.44,3.149,2756.67,72.30,1790.15,777.65,10261.95,129.898065,5.143,0
4,2011-12-23,35.92,3.103,2461.94,69.05,2938.24,52.00,4396.76,129.984548,5.143,0
4,2011-12-30,36.89,3.119,3496.13,72413.71,399.77,776.26,5012.53,130.071032,5.143,1
4,2012-01-06,38.64,3.158,7857.71,38677.72,234.00,863.22,8682.95,130.157516,4.607,0
4,2012-01-13,34.41,3.263,3666.28,14553.37,76.37,820.37,5955.28,130.244000,4.607,0
4,2012-01-20,42.09,3.273,2109.41,7040.02,44.16,918.36,1116.83,130.279226,4.607,0
4,2012-01-27,40.31,3.290,1346.06,3740.12,46.16,445.47,2451.89,130.314452,4.607,0
4,2012-02-03,41.81,3.354,50820.76,4033.29,285.11,48086.64,7456.15,130.349677,4.607,0
4,2012-02-10,33.00,3.411,11374.63,7208.51,118.37,12869.78,10618.93,130.384903,4.607,1
4,2012-02-17,34.19,3.493,14225.99,11049.65,17.36,11912.49,7565.99,130.454621,4.607,0
4,2012-02-24,41.31,3.541,9777.71,4703.88,5.40,1179.72,9352.14,130.550207,4.607,0
4,2012-03-02,50.38,3.619,18564.88,1394.86,32.93,10714.60,3592.82,130.645793,4.607,0
4,2012-03-09,53.63,3.667,8779.57,602.02,8.53,1103.64,9464.98,130.741379,4.607,0
4,2012-03-16,59.81,3.707,5669.21,37.12,NULL,8540.87,2544.94,130.826194,4.607,0
4,2012-03-23,59.07,3.759,8806.80,-10.50,5.99,739.14,4396.97,130.896645,4.607,0
4,2012-03-30,72.63,3.820,2565.80,442.52,6.50,487.66,4076.68,130.967097,4.607,0
4,2012-04-06,67.69,3.864,11341.17,NULL,73.38,5677.89,7821.95,131.037548,4.308,0
4,2012-04-13,68.69,3.881,12506.74,5941.43,30.84,3915.29,4392.95,131.108000,4.308,0
4,2012-04-20,68.60,3.864,2774.39,4279.41,43.43,2409.97,4544.22,131.117333,4.308,0
4,2012-04-27,76.47,3.810,3993.66,97.77,26.68,113.37,3947.45,131.126667,4.308,0
4,2012-05-04,80.14,3.747,13737.91,NULL,93.65,6993.97,4541.89,131.136000,4.308,0
4,2012-05-11,67.64,3.685,20499.88,86.00,103.05,5005.96,3815.16,131.145333,4.308,0
4,2012-05-18,68.43,3.620,6531.12,NULL,99.91,2290.18,2521.84,131.098323,4.308,0
4,2012-05-25,77.47,3.551,4330.02,436.00,862.31,3268.41,3749.53,131.028774,4.308,0
4,2012-06-01,77.41,3.483,10165.22,8.60,47.93,2676.33,4896.34,130.959226,4.308,0
4,2012-06-08,78.11,3.433,7429.46,249.80,7.86,4235.27,9690.55,130.889677,4.308,0
4,2012-06-15,80.94,3.372,16063.84,84.00,0.22,2105.39,6113.16,130.829533,4.308,0
4,2012-06-22,81.63,3.329,6619.20,351.22,3.48,5390.02,10920.89,130.792900,4.308,0
4,2012-06-29,84.23,3.257,3756.11,211.60,NULL,2114.26,6371.15,130.756267,4.308,0
4,2012-07-06,80.37,3.187,9789.03,90.00,157.62,10671.47,3864.91,130.719633,4.077,0
4,2012-07-13,76.86,3.224,11075.38,151.00,17.27,3810.25,4766.88,130.683000,4.077,0
4,2012-07-20,79.14,3.263,4799.23,47.55,30.56,634.78,4648.91,130.701290,4.077,0
4,2012-07-27,81.06,3.356,7011.68,68.70,4.26,13565.83,3841.61,130.719581,4.077,0
4,2012-08-03,83.86,3.374,29127.20,42.27,58.34,22663.73,10925.99,130.737871,4.077,0
4,2012-08-10,83.21,3.476,16996.42,36.60,60.94,4777.20,3937.09,130.756161,4.077,0
4,2012-08-17,81.41,3.552,2531.63,15.04,5.54,1269.13,3528.90,130.790968,4.077,0
4,2012-08-24,75.76,3.610,9983.59,NULL,23.40,8115.89,7158.66,130.838161,4.077,0
4,2012-08-31,76.47,3.646,19617.58,1.02,68.29,7187.73,6428.12,130.885355,4.077,0
4,2012-09-07,82.09,3.709,9082.61,16.00,59.06,7217.88,8026.47,130.932548,4.077,1
4,2012-09-14,68.20,3.706,13802.34,NULL,23.12,3643.77,12517.18,130.977667,4.077,0
4,2012-09-21,68.97,3.721,11214.89,5.73,16.84,6376.86,4417.13,131.010333,4.077,0
4,2012-09-28,71.74,3.666,5333.92,5.73,2.94,1931.02,9753.37,131.043000,4.077,0
4,2012-10-05,63.07,3.620,5918.34,NULL,126.57,3674.49,6807.07,131.075667,3.879,0
4,2012-10-12,57.11,3.603,4975.39,NULL,61.17,1513.17,5905.53,131.108333,3.879,0
4,2012-10-19,64.46,3.610,6313.84,NULL,15.05,2421.08,5885.12,131.149968,3.879,0
4,2012-10-26,63.64,3.514,1763.13,88.76,66.76,NULL,7577.14,131.193097,3.879,0
4,2012-11-02,53.31,3.404,3717.80,7665.66,23.00,190.24,1586.46,131.236226,3.879,0
4,2012-11-09,59.47,3.337,28299.04,6412.64,73.18,9912.23,7259.32,131.279355,3.879,0
4,2012-11-16,49.86,3.271,14400.63,409.67,205.09,1497.33,7862.40,131.325800,3.879,0
4,2012-11-23,55.09,3.233,3365.61,6.93,93310.30,497.28,3938.54,131.376667,3.879,1
4,2012-11-30,50.91,3.240,4642.37,NULL,5146.88,243.50,9819.68,131.427533,3.879,0
4,2012-12-07,53.67,3.227,10755.57,NULL,822.00,2966.00,22677.91,131.478400,3.879,0
4,2012-12-14,42.57,3.193,3409.42,NULL,180.00,764.25,4930.05,131.537000,3.879,0
4,2012-12-21,44.80,3.112,3564.60,137.92,118.28,21.32,1239.78,131.642000,3.879,0
4,2012-12-28,37.93,3.125,7712.77,50636.71,347.00,6.24,862.39,131.747000,3.879,1
4,2013-01-04,33.11,3.177,9471.27,42065.30,56.17,NULL,4980.46,131.852000,3.921,0
4,2013-01-11,38.92,3.235,4749.65,23457.11,4.22,522.96,3743.86,131.957000,3.921,0
4,2013-01-18,34.06,3.232,5219.94,3758.90,12.10,23.97,2112.04,132.030871,3.921,0
4,2013-01-25,47.49,3.220,15302.22,1652.63,0.30,1257.32,1547.68,132.092290,3.921,0
4,2013-02-01,49.07,3.232,27134.98,861.18,870.20,29210.08,1663.48,132.153710,3.921,0
4,2013-02-08,49.86,3.401,56705.09,564.98,521.82,45331.30,7730.26,132.215129,3.921,1
4,2013-02-15,44.70,3.451,41326.97,10303.91,630.80,17516.52,3782.94,132.272571,3.921,0
4,2013-02-22,44.68,3.602,15128.45,10149.27,31.40,6451.60,4875.84,132.320071,3.921,0
4,2013-03-01,42.56,3.694,27132.59,762.39,3.20,1621.99,3526.18,132.367571,3.921,0
4,2013-03-08,53.21,3.647,23306.04,779.60,164.42,12389.60,9316.71,132.415071,3.921,0
4,2013-03-15,53.39,3.611,9361.09,NULL,28.59,3602.71,2161.72,132.466807,3.921,0
4,2013-03-22,58.55,3.593,17721.81,NULL,513.50,4370.01,3365.76,132.529129,3.921,0
4,2013-03-29,50.36,3.575,3949.07,NULL,489.46,182.00,7265.39,132.591452,3.921,0
4,2013-04-05,57.70,3.552,8031.33,12906.43,641.98,4801.53,2723.41,132.653774,3.896,0
4,2013-04-12,60.06,3.504,7876.11,1269.44,201.06,2776.58,7702.91,132.716097,3.896,0
4,2013-04-19,63.28,3.436,3578.12,96.18,183.60,358.15,2039.26,132.716097,3.896,0
4,2013-04-26,58.15,3.397,3087.47,NULL,199.38,82.48,3223.06,132.716097,3.896,0
4,2013-05-03,64.18,3.369,13789.79,14.00,218.21,7299.53,8146.91,NULL,NULL,0
4,2013-05-10,64.01,3.371,10686.88,388.94,118.40,4406.85,6098.37,NULL,NULL,0
4,2013-05-17,70.50,3.437,12026.21,272.94,23.04,2030.97,8818.06,NULL,NULL,0
4,2013-05-24,76.73,3.462,3560.92,144.06,723.61,3657.09,9179.04,NULL,NULL,0
4,2013-05-31,79.17,3.438,2536.65,443.94,483.90,28.76,4652.59,NULL,NULL,0
4,2013-06-07,78.11,3.413,14278.29,529.53,566.96,11824.87,6092.91,NULL,NULL,0
4,2013-06-14,79.24,3.415,14141.85,760.84,1125.14,4775.63,8842.00,NULL,NULL,0
4,2013-06-21,79.10,3.453,3423.81,176.93,457.43,7953.47,5443.06,NULL,NULL,0
4,2013-06-28,86.29,3.452,6723.27,358.37,3.00,3450.80,7483.44,NULL,NULL,0
4,2013-07-05,76.96,3.385,17126.22,933.43,1334.16,14191.01,5201.38,NULL,NULL,0
4,2013-07-12,82.30,3.368,6501.43,1464.81,124.97,3809.96,3868.60,NULL,NULL,0
4,2013-07-19,73.29,3.518,4191.78,440.36,173.66,534.56,2252.18,NULL,NULL,0
4,2013-07-26,78.96,3.580,1577.60,687.89,9.60,314.64,1433.77,NULL,NULL,0
5,2010-02-05,39.70,2.572,NULL,NULL,NULL,NULL,NULL,211.653972,6.566,0
5,2010-02-12,39.81,2.548,NULL,NULL,NULL,NULL,NULL,211.800470,6.566,1
5,2010-02-19,41.14,2.514,NULL,NULL,NULL,NULL,NULL,211.847128,6.566,0
5,2010-02-26,46.70,2.561,NULL,NULL,NULL,NULL,NULL,211.877147,6.566,0
5,2010-03-05,48.89,2.625,NULL,NULL,NULL,NULL,NULL,211.907165,6.566,0
5,2010-03-12,58.50,2.667,NULL,NULL,NULL,NULL,NULL,211.937184,6.566,0
5,2010-03-19,55.46,2.720,NULL,NULL,NULL,NULL,NULL,211.770897,6.566,0
5,2010-03-26,52.47,2.732,NULL,NULL,NULL,NULL,NULL,211.571893,6.566,0
5,2010-04-02,63.18,2.719,NULL,NULL,NULL,NULL,NULL,211.372888,6.465,0
5,2010-04-09,65.19,2.770,NULL,NULL,NULL,NULL,NULL,211.173884,6.465,0
5,2010-04-16,65.30,2.808,NULL,NULL,NULL,NULL,NULL,211.038853,6.465,0
5,2010-04-23,65.13,2.795,NULL,NULL,NULL,NULL,NULL,210.989120,6.465,0
5,2010-04-30,67.53,2.780,NULL,NULL,NULL,NULL,NULL,210.939388,6.465,0
5,2010-05-07,71.53,2.835,NULL,NULL,NULL,NULL,NULL,210.889656,6.465,0
5,2010-05-14,74.79,2.854,NULL,NULL,NULL,NULL,NULL,210.887277,6.465,0
5,2010-05-21,75.20,2.826,NULL,NULL,NULL,NULL,NULL,211.169023,6.465,0
5,2010-05-28,79.81,2.759,NULL,NULL,NULL,NULL,NULL,211.450769,6.465,0
5,2010-06-04,79.54,2.705,NULL,NULL,NULL,NULL,NULL,211.732515,6.465,0
5,2010-06-11,80.70,2.668,NULL,NULL,NULL,NULL,NULL,212.014261,6.465,0
5,2010-06-18,83.91,2.637,NULL,NULL,NULL,NULL,NULL,212.011977,6.465,0
5,2010-06-25,83.72,2.653,NULL,NULL,NULL,NULL,NULL,211.896082,6.465,0
5,2010-07-02,81.25,2.669,NULL,NULL,NULL,NULL,NULL,211.780186,6.496,0
5,2010-07-09,81.14,2.642,NULL,NULL,NULL,NULL,NULL,211.664291,6.496,0
5,2010-07-16,83.98,2.623,NULL,NULL,NULL,NULL,NULL,211.656112,6.496,0
5,2010-07-23,83.66,2.608,NULL,NULL,NULL,NULL,NULL,211.791557,6.496,0
5,2010-07-30,82.46,2.640,NULL,NULL,NULL,NULL,NULL,211.927001,6.496,0
5,2010-08-06,86.10,2.627,NULL,NULL,NULL,NULL,NULL,212.062445,6.496,0
5,2010-08-13,87.41,2.692,NULL,NULL,NULL,NULL,NULL,212.197889,6.496,0
5,2010-08-20,87.71,2.664,NULL,NULL,NULL,NULL,NULL,212.160898,6.496,0
5,2010-08-27,87.05,2.619,NULL,NULL,NULL,NULL,NULL,212.123908,6.496,0
5,2010-09-03,84.06,2.577,NULL,NULL,NULL,NULL,NULL,212.086918,6.496,0
5,2010-09-10,79.86,2.565,NULL,NULL,NULL,NULL,NULL,212.049927,6.496,1
5,2010-09-17,82.28,2.582,NULL,NULL,NULL,NULL,NULL,212.076935,6.496,0
5,2010-09-24,78.53,2.624,NULL,NULL,NULL,NULL,NULL,212.151940,6.496,0
5,2010-10-01,71.10,2.603,NULL,NULL,NULL,NULL,NULL,212.226946,6.768,0
5,2010-10-08,64.99,2.633,NULL,NULL,NULL,NULL,NULL,212.301952,6.768,0
5,2010-10-15,68.11,2.720,NULL,NULL,NULL,NULL,NULL,212.369187,6.768,0
5,2010-10-22,70.96,2.725,NULL,NULL,NULL,NULL,NULL,212.416993,6.768,0
5,2010-10-29,70.58,2.716,NULL,NULL,NULL,NULL,NULL,212.464799,6.768,0
5,2010-11-05,58.88,2.689,NULL,NULL,NULL,NULL,NULL,212.512605,6.768,0
5,2010-11-12,62.37,2.728,NULL,NULL,NULL,NULL,NULL,212.560411,6.768,0
5,2010-11-19,52.52,2.771,NULL,NULL,NULL,NULL,NULL,212.445487,6.768,0
5,2010-11-26,66.15,2.735,NULL,NULL,NULL,NULL,NULL,212.303441,6.768,1
5,2010-12-03,51.31,2.708,NULL,NULL,NULL,NULL,NULL,212.161395,6.768,0
5,2010-12-10,48.27,2.843,NULL,NULL,NULL,NULL,NULL,212.019349,6.768,0
5,2010-12-17,51.61,2.869,NULL,NULL,NULL,NULL,NULL,211.958082,6.768,0
5,2010-12-24,55.01,2.886,NULL,NULL,NULL,NULL,NULL,211.957398,6.768,0
5,2010-12-31,49.79,2.943,NULL,NULL,NULL,NULL,NULL,211.956714,6.768,1
5,2011-01-07,48.30,2.976,NULL,NULL,NULL,NULL,NULL,211.956031,6.634,0
5,2011-01-14,37.74,2.983,NULL,NULL,NULL,NULL,NULL,212.008514,6.634,0
5,2011-01-21,45.41,3.016,NULL,NULL,NULL,NULL,NULL,212.380001,6.634,0
5,2011-01-28,44.50,3.010,NULL,NULL,NULL,NULL,NULL,212.751488,6.634,0
5,2011-02-04,41.67,2.989,NULL,NULL,NULL,NULL,NULL,213.122976,6.634,0
5,2011-02-11,38.25,3.022,NULL,NULL,NULL,NULL,NULL,213.494463,6.634,1
5,2011-02-18,58.83,3.045,NULL,NULL,NULL,NULL,NULL,213.806830,6.634,0
5,2011-02-25,63.35,3.065,NULL,NULL,NULL,NULL,NULL,214.095550,6.634,0
5,2011-03-04,60.35,3.288,NULL,NULL,NULL,NULL,NULL,214.384270,6.634,0
5,2011-03-11,55.74,3.459,NULL,NULL,NULL,NULL,NULL,214.672990,6.634,0
5,2011-03-18,64.31,3.488,NULL,NULL,NULL,NULL,NULL,214.925734,6.634,0
5,2011-03-25,70.71,3.473,NULL,NULL,NULL,NULL,NULL,215.164087,6.634,0
5,2011-04-01,61.50,3.524,NULL,NULL,NULL,NULL,NULL,215.402441,6.489,0
5,2011-04-08,69.64,3.622,NULL,NULL,NULL,NULL,NULL,215.640794,6.489,0
5,2011-04-15,72.02,3.743,NULL,NULL,NULL,NULL,NULL,215.859267,6.489,0
5,2011-04-22,74.34,3.807,NULL,NULL,NULL,NULL,NULL,216.028041,6.489,0
5,2011-04-29,74.75,3.810,NULL,NULL,NULL,NULL,NULL,216.196814,6.489,0
5,2011-05-06,66.27,3.906,NULL,NULL,NULL,NULL,NULL,216.365588,6.489,0
5,2011-05-13,77.38,3.899,NULL,NULL,NULL,NULL,NULL,216.534361,6.489,0
5,2011-05-20,71.37,3.907,NULL,NULL,NULL,NULL,NULL,216.302385,6.489,0
5,2011-05-27,80.14,3.786,NULL,NULL,NULL,NULL,NULL,216.070408,6.489,0
5,2011-06-03,83.81,3.699,NULL,NULL,NULL,NULL,NULL,215.838432,6.489,0
5,2011-06-10,83.61,3.648,NULL,NULL,NULL,NULL,NULL,215.606456,6.489,0
5,2011-06-17,86.84,3.637,NULL,NULL,NULL,NULL,NULL,215.560463,6.489,0
5,2011-06-24,84.76,3.594,NULL,NULL,NULL,NULL,NULL,215.653958,6.489,0
5,2011-07-01,85.81,3.524,NULL,NULL,NULL,NULL,NULL,215.747454,6.529,0
5,2011-07-08,86.64,3.480,NULL,NULL,NULL,NULL,NULL,215.840949,6.529,0
5,2011-07-15,88.64,3.575,NULL,NULL,NULL,NULL,NULL,215.925070,6.529,0
5,2011-07-22,86.97,3.651,NULL,NULL,NULL,NULL,NULL,215.985753,6.529,0
5,2011-07-29,89.42,3.682,NULL,NULL,NULL,NULL,NULL,216.046436,6.529,0
5,2011-08-05,91.07,3.684,NULL,NULL,NULL,NULL,NULL,216.107120,6.529,0
5,2011-08-12,90.16,3.638,NULL,NULL,NULL,NULL,NULL,216.167803,6.529,0
5,2011-08-19,89.35,3.554,NULL,NULL,NULL,NULL,NULL,216.231186,6.529,0
5,2011-08-26,89.18,3.523,NULL,NULL,NULL,NULL,NULL,216.295018,6.529,0
5,2011-09-02,90.38,3.533,NULL,NULL,NULL,NULL,NULL,216.358850,6.529,0
5,2011-09-09,79.04,3.546,NULL,NULL,NULL,NULL,NULL,216.422682,6.529,1
5,2011-09-16,83.55,3.526,NULL,NULL,NULL,NULL,NULL,216.603308,6.529,0
5,2011-09-23,78.01,3.467,NULL,NULL,NULL,NULL,NULL,216.939661,6.529,0
5,2011-09-30,81.16,3.355,NULL,NULL,NULL,NULL,NULL,217.276013,6.529,0
5,2011-10-07,71.64,3.285,NULL,NULL,NULL,NULL,NULL,217.612365,6.300,0
5,2011-10-14,72.36,3.274,NULL,NULL,NULL,NULL,NULL,217.923746,6.300,0
5,2011-10-21,66.90,3.353,NULL,NULL,NULL,NULL,NULL,218.085300,6.300,0
5,2011-10-28,69.27,3.372,NULL,NULL,NULL,NULL,NULL,218.246854,6.300,0
5,2011-11-04,56.71,3.332,NULL,NULL,NULL,NULL,NULL,218.408408,6.300,0
5,2011-11-11,60.71,3.297,2971.48,1943.20,60.03,757.33,1040.96,218.569962,6.300,0
5,2011-11-18,64.33,3.308,952.21,116.11,95.01,295.13,4368.45,218.793912,6.300,0
5,2011-11-25,61.93,3.236,107.42,7.00,29333.06,8.00,826.06,219.042820,6.300,1
5,2011-12-02,51.14,3.172,2359.44,4.00,658.01,901.67,24751.93,219.291729,6.300,0
5,2011-12-09,44.12,3.158,2546.50,NULL,83.07,523.27,3118.64,219.540637,6.300,0
5,2011-12-16,54.42,3.159,802.42,NULL,78.77,319.84,1940.54,219.759627,6.300,0
5,2011-12-23,50.33,3.112,225.21,0.15,427.57,NULL,1443.04,219.938725,6.300,0
5,2011-12-30,45.62,3.129,1938.28,17079.76,72.93,162.33,1211.95,220.117823,6.300,1
5,2012-01-06,50.21,3.157,4602.39,6733.60,35.03,621.64,3507.24,220.296921,5.943,0
5,2012-01-13,48.86,3.261,3408.93,3666.32,1.71,137.88,1706.42,220.476019,5.943,0
5,2012-01-20,54.65,3.268,761.25,2100.24,NULL,132.63,1276.75,220.569410,5.943,0
5,2012-01-27,54.63,3.290,573.64,969.68,NULL,12.00,861.28,220.662802,5.943,0
5,2012-02-03,57.35,3.360,23811.41,1349.62,23.82,14928.42,3186.52,220.756194,5.943,0
5,2012-02-10,48.57,3.409,4239.28,2725.80,1.53,3682.89,3234.79,220.849586,5.943,1
5,2012-02-17,48.25,3.510,5548.48,1958.52,1.76,2662.84,2820.38,221.010634,5.943,0
5,2012-02-24,57.75,3.555,2220.32,1407.40,NULL,145.46,2657.52,221.222424,5.943,0
5,2012-03-02,60.66,3.630,6172.70,123.32,1.00,3063.26,1213.59,221.434215,5.943,0
5,2012-03-09,57.69,3.669,1842.42,51.27,2.00,109.67,5043.45,221.646005,5.943,0
5,2012-03-16,63.55,3.734,1879.87,30.70,2.24,585.12,1765.08,221.798971,5.943,0
5,2012-03-23,64.44,3.787,694.24,32.75,5.59,210.09,775.70,221.873506,5.943,0
5,2012-03-30,67.76,3.845,5097.87,25.20,2.70,322.57,1790.31,221.948041,5.943,0
5,2012-04-06,70.40,3.891,5174.35,NULL,6.48,1489.10,2264.89,222.022576,5.801,0
5,2012-04-13,70.56,3.891,1562.33,758.49,NULL,206.00,1642.42,222.097111,5.801,0
5,2012-04-20,67.33,3.877,1197.53,225.78,3.00,247.94,1499.51,222.151232,5.801,0
5,2012-04-27,68.96,3.814,1127.44,NULL,5.05,33.35,2598.67,222.205352,5.801,0
5,2012-05-04,77.10,3.749,6396.61,NULL,83.63,1183.64,2813.83,222.259472,5.801,0
5,2012-05-11,73.45,3.688,4668.20,NULL,42.75,709.19,1740.42,222.313593,5.801,0
5,2012-05-18,70.45,3.630,2639.05,NULL,65.34,243.73,2119.63,222.330443,5.801,0
5,2012-05-25,78.23,3.561,3784.86,NULL,431.99,225.20,2239.68,222.332385,5.801,0
5,2012-06-01,79.72,3.501,2840.78,NULL,41.58,393.41,2114.00,222.334328,5.801,0
5,2012-06-08,81.02,3.452,4488.47,NULL,0.24,231.16,1246.89,222.336270,5.801,0
5,2012-06-15,81.64,3.393,1911.02,0.95,0.04,570.11,1828.62,222.349290,5.801,0
5,2012-06-22,80.57,3.346,2046.93,8.80,NULL,677.36,2762.83,222.390005,5.801,0
5,2012-06-29,87.08,3.286,1053.25,12.75,NULL,113.80,1300.11,222.430719,5.801,0
5,2012-07-06,82.35,3.227,2592.37,2.65,52.06,914.36,2768.98,222.471434,5.603,0
5,2012-07-13,80.78,3.256,1471.06,1.00,12.00,889.18,798.44,222.512148,5.603,0
5,2012-07-20,81.05,3.311,964.82,13.48,3.39,278.93,1050.13,222.520936,5.603,0
5,2012-07-27,85.06,3.407,2696.67,7.75,0.36,3104.68,2152.23,222.529723,5.603,0
5,2012-08-03,86.91,3.417,7365.26,14.48,0.70,3640.70,2517.31,222.538511,5.603,0
5,2012-08-10,86.96,3.494,3261.56,15.00,0.50,1687.13,2102.31,222.547299,5.603,0
5,2012-08-17,87.52,3.571,1649.56,-10.98,2.31,1955.75,1205.23,222.627675,5.603,0
5,2012-08-24,79.45,3.620,1985.37,68.00,4.54,627.60,1355.17,222.761744,5.603,0
5,2012-08-31,84.25,3.638,5211.69,49.00,13.00,2799.14,2740.48,222.895812,5.603,0
5,2012-09-07,86.30,3.730,2797.26,1.90,9.61,968.75,2069.30,223.029881,5.603,1
5,2012-09-14,76.65,3.717,2027.18,4.00,4.55,1354.97,3535.01,223.173417,5.603,0
5,2012-09-21,71.09,3.721,3033.26,5.73,1.10,83.82,4579.05,223.373759,5.603,0
5,2012-09-28,78.33,3.666,1279.39,NULL,0.55,425.98,1492.60,223.574102,5.603,0
5,2012-10-05,71.17,3.617,2048.94,NULL,6.02,1121.58,2070.87,223.774444,5.422,0
5,2012-10-12,66.24,3.601,1355.87,NULL,4.00,453.98,3562.36,223.974787,5.422,0
5,2012-10-19,69.17,3.594,908.91,NULL,NULL,NULL,709.95,224.019287,5.422,0
5,2012-10-26,71.70,3.506,1547.61,1.74,NULL,133.31,598.74,224.037814,5.422,0
5,2012-11-02,57.83,3.386,3526.61,1163.63,2.31,514.05,1555.50,224.056341,5.422,0
5,2012-11-09,64.61,3.314,2548.02,2037.54,1.95,303.93,1595.16,224.074867,5.422,0
5,2012-11-16,56.89,3.252,1631.01,-35.74,15.46,326.59,2310.83,224.106624,5.422,0
5,2012-11-23,59.07,3.211,310.95,NULL,43319.43,46.61,372.22,224.156022,5.422,1
5,2012-11-30,56.20,3.207,2077.60,NULL,2752.82,8.82,3349.59,224.205419,5.422,0
5,2012-12-07,66.13,3.198,2472.70,NULL,68.00,105.14,2359.84,224.254817,5.422,0
5,2012-12-14,52.44,3.168,4007.50,NULL,0.49,4.97,1108.47,224.314405,5.422,0
5,2012-12-21,58.63,3.098,1344.90,NULL,15.00,NULL,911.84,224.435138,5.422,0
5,2012-12-28,47.47,3.108,6052.63,13017.25,60.81,72.80,3503.26,224.555872,5.422,1
5,2013-01-04,41.77,3.161,878.13,10409.38,NULL,NULL,1390.98,224.676605,5.494,0
5,2013-01-11,49.50,3.243,2372.65,4414.85,1.04,37.36,1191.29,224.797338,5.494,0
5,2013-01-18,45.08,3.237,2752.63,1329.85,1.14,600.58,1769.01,224.831125,5.494,0
5,2013-01-25,57.05,3.227,1156.20,355.57,NULL,54.20,808.87,224.830134,5.494,0
5,2013-02-01,58.99,3.244,4697.68,637.17,30.00,5803.02,970.80,224.829143,5.494,0
5,2013-02-08,59.05,3.417,21533.52,271.06,80.55,10897.89,4109.09,224.828152,5.494,1
5,2013-02-15,53.09,3.475,3763.73,742.56,NULL,1112.05,4380.83,224.868750,5.494,0
5,2013-02-22,54.10,3.597,3229.38,166.06,NULL,7.38,1731.25,225.013319,5.494,0
5,2013-03-01,49.47,3.711,3090.32,25.23,NULL,18.75,4117.85,225.157889,5.494,0
5,2013-03-08,53.16,3.658,6476.98,41.80,2.00,1334.42,3081.47,225.302458,5.494,0
5,2013-03-15,58.01,3.622,2889.92,NULL,1.00,412.01,1122.00,225.429774,5.494,0
5,2013-03-22,65.96,3.611,2722.96,NULL,239.00,282.76,1476.38,225.513956,5.494,0
5,2013-03-29,53.25,3.606,3189.78,NULL,167.64,23.38,1637.87,225.598138,5.494,0
5,2013-04-05,61.88,3.583,9023.29,927.32,170.24,405.30,-185.17,225.682320,5.278,0
5,2013-04-12,62.36,3.529,1352.02,376.67,7.60,184.54,1703.57,225.766502,5.278,0
5,2013-04-19,67.43,3.451,884.75,NULL,34.20,21.11,895.18,225.766502,5.278,0
5,2013-04-26,60.44,3.417,222.75,NULL,28.00,12.41,524.75,225.766502,5.278,0
5,2013-05-03,67.55,3.386,2933.78,5.00,25.50,773.23,1252.00,NULL,NULL,0
5,2013-05-10,65.52,3.392,1023.40,192.00,11.50,107.83,2743.05,NULL,NULL,0
5,2013-05-17,71.38,3.454,3993.06,111.00,NULL,290.94,2145.91,NULL,NULL,0
5,2013-05-24,77.84,3.494,1717.87,55.00,365.88,517.77,1281.43,NULL,NULL,0
5,2013-05-31,78.26,3.466,2062.59,48.00,144.73,NULL,796.61,NULL,NULL,0
5,2013-06-07,78.40,3.439,4459.39,34.03,46.17,2003.25,1993.02,NULL,NULL,0
5,2013-06-14,80.76,3.431,623.45,25.93,111.81,596.15,951.43,NULL,NULL,0
5,2013-06-21,83.85,3.479,1522.62,23.42,69.96,411.46,2674.62,NULL,NULL,0
5,2013-06-28,86.09,3.495,1440.24,94.84,1.50,428.80,1431.38,NULL,NULL,0
5,2013-07-05,82.06,3.422,2254.18,203.04,469.36,1970.46,616.95,NULL,NULL,0
5,2013-07-12,85.75,3.400,1621.68,62.35,15.80,561.83,1684.25,NULL,NULL,0
5,2013-07-19,79.73,3.556,744.92,64.71,13.25,188.40,2151.64,NULL,NULL,0
5,2013-07-26,84.16,3.620,131.42,35.39,0.09,NULL,948.51,NULL,NULL,0
6,2010-02-05,40.43,2.572,NULL,NULL,NULL,NULL,NULL,212.622352,7.259,0
6,2010-02-12,40.57,2.548,NULL,NULL,NULL,NULL,NULL,212.770043,7.259,1
6,2010-02-19,43.58,2.514,NULL,NULL,NULL,NULL,NULL,212.816155,7.259,0
6,2010-02-26,47.10,2.561,NULL,NULL,NULL,NULL,NULL,212.845337,7.259,0
6,2010-03-05,49.63,2.625,NULL,NULL,NULL,NULL,NULL,212.874519,7.259,0
6,2010-03-12,58.82,2.667,NULL,NULL,NULL,NULL,NULL,212.903702,7.259,0
6,2010-03-19,56.55,2.720,NULL,NULL,NULL,NULL,NULL,212.735194,7.259,0
6,2010-03-26,53.74,2.732,NULL,NULL,NULL,NULL,NULL,212.533737,7.259,0
6,2010-04-02,64.94,2.719,NULL,NULL,NULL,NULL,NULL,212.332281,7.092,0
6,2010-04-09,66.15,2.770,NULL,NULL,NULL,NULL,NULL,212.130824,7.092,0
6,2010-04-16,65.68,2.808,NULL,NULL,NULL,NULL,NULL,211.994277,7.092,0
6,2010-04-23,64.11,2.795,NULL,NULL,NULL,NULL,NULL,211.944275,7.092,0
6,2010-04-30,68.91,2.780,NULL,NULL,NULL,NULL,NULL,211.894273,7.092,0
6,2010-05-07,73.68,2.835,NULL,NULL,NULL,NULL,NULL,211.844271,7.092,0
6,2010-05-14,74.95,2.854,NULL,NULL,NULL,NULL,NULL,211.842177,7.092,0
6,2010-05-21,74.80,2.826,NULL,NULL,NULL,NULL,NULL,212.127532,7.092,0
6,2010-05-28,78.89,2.759,NULL,NULL,NULL,NULL,NULL,212.412888,7.092,0
6,2010-06-04,79.44,2.705,NULL,NULL,NULL,NULL,NULL,212.698244,7.092,0
6,2010-06-11,81.81,2.668,NULL,NULL,NULL,NULL,NULL,212.983599,7.092,0
6,2010-06-18,83.89,2.637,NULL,NULL,NULL,NULL,NULL,212.981384,7.092,0
6,2010-06-25,84.20,2.653,NULL,NULL,NULL,NULL,NULL,212.864141,7.092,0
6,2010-07-02,80.34,2.669,NULL,NULL,NULL,NULL,NULL,212.746898,6.973,0
6,2010-07-09,80.93,2.642,NULL,NULL,NULL,NULL,NULL,212.629655,6.973,0
6,2010-07-16,83.75,2.623,NULL,NULL,NULL,NULL,NULL,212.621216,6.973,0
6,2010-07-23,83.90,2.608,NULL,NULL,NULL,NULL,NULL,212.757851,6.973,0
6,2010-07-30,81.37,2.640,NULL,NULL,NULL,NULL,NULL,212.894485,6.973,0
6,2010-08-06,86.61,2.627,NULL,NULL,NULL,NULL,NULL,213.031119,6.973,0
6,2010-08-13,86.83,2.692,NULL,NULL,NULL,NULL,NULL,213.167753,6.973,0
6,2010-08-20,87.36,2.664,NULL,NULL,NULL,NULL,NULL,213.129143,6.973,0
6,2010-08-27,85.71,2.619,NULL,NULL,NULL,NULL,NULL,213.090532,6.973,0
6,2010-09-03,82.15,2.577,NULL,NULL,NULL,NULL,NULL,213.051922,6.973,0
6,2010-09-10,78.78,2.565,NULL,NULL,NULL,NULL,NULL,213.013312,6.973,1
6,2010-09-17,81.78,2.582,NULL,NULL,NULL,NULL,NULL,213.039864,6.973,0
6,2010-09-24,76.49,2.624,NULL,NULL,NULL,NULL,NULL,213.115289,6.973,0
6,2010-10-01,70.69,2.603,NULL,NULL,NULL,NULL,NULL,213.190713,7.007,0
6,2010-10-08,65.21,2.633,NULL,NULL,NULL,NULL,NULL,213.266137,7.007,0
6,2010-10-15,68.93,2.720,NULL,NULL,NULL,NULL,NULL,213.333798,7.007,0
6,2010-10-22,70.97,2.725,NULL,NULL,NULL,NULL,NULL,213.382049,7.007,0
6,2010-10-29,70.39,2.716,NULL,NULL,NULL,NULL,NULL,213.430299,7.007,0
6,2010-11-05,59.90,2.689,NULL,NULL,NULL,NULL,NULL,213.478550,7.007,0
6,2010-11-12,62.11,2.728,NULL,NULL,NULL,NULL,NULL,213.526801,7.007,0
6,2010-11-19,52.99,2.771,NULL,NULL,NULL,NULL,NULL,213.410741,7.007,0
6,2010-11-26,65.79,2.735,NULL,NULL,NULL,NULL,NULL,213.267296,7.007,1
6,2010-12-03,52.30,2.708,NULL,NULL,NULL,NULL,NULL,213.123851,7.007,0
6,2010-12-10,48.46,2.843,NULL,NULL,NULL,NULL,NULL,212.980406,7.007,0
6,2010-12-17,52.24,2.869,NULL,NULL,NULL,NULL,NULL,212.918049,7.007,0
6,2010-12-24,55.07,2.886,NULL,NULL,NULL,NULL,NULL,212.916508,7.007,0
6,2010-12-31,49.14,2.943,NULL,NULL,NULL,NULL,NULL,212.914967,7.007,1
6,2011-01-07,47.78,2.976,NULL,NULL,NULL,NULL,NULL,212.913427,6.858,0
6,2011-01-14,38.37,2.983,NULL,NULL,NULL,NULL,NULL,212.965588,6.858,0
6,2011-01-21,46.20,3.016,NULL,NULL,NULL,NULL,NULL,213.339965,6.858,0
6,2011-01-28,44.98,3.010,NULL,NULL,NULL,NULL,NULL,213.714341,6.858,0
6,2011-02-04,40.59,2.989,NULL,NULL,NULL,NULL,NULL,214.088718,6.858,0
6,2011-02-11,39.38,3.022,NULL,NULL,NULL,NULL,NULL,214.463094,6.858,1
6,2011-02-18,59.61,3.045,NULL,NULL,NULL,NULL,NULL,214.777523,6.858,0
6,2011-02-25,62.86,3.065,NULL,NULL,NULL,NULL,NULL,215.067973,6.858,0
6,2011-03-04,60.45,3.288,NULL,NULL,NULL,NULL,NULL,215.358423,6.858,0
6,2011-03-11,57.71,3.459,NULL,NULL,NULL,NULL,NULL,215.648873,6.858,0
6,2011-03-18,65.07,3.488,NULL,NULL,NULL,NULL,NULL,215.903508,6.858,0
6,2011-03-25,70.83,3.473,NULL,NULL,NULL,NULL,NULL,216.143816,6.858,0
6,2011-04-01,62.25,3.524,NULL,NULL,NULL,NULL,NULL,216.384125,6.855,0
6,2011-04-08,70.35,3.622,NULL,NULL,NULL,NULL,NULL,216.624433,6.855,0
6,2011-04-15,73.17,3.743,NULL,NULL,NULL,NULL,NULL,216.844663,6.855,0
6,2011-04-22,74.24,3.807,NULL,NULL,NULL,NULL,NULL,217.014694,6.855,0
6,2011-04-29,75.27,3.810,NULL,NULL,NULL,NULL,NULL,217.184726,6.855,0
6,2011-05-06,65.42,3.906,NULL,NULL,NULL,NULL,NULL,217.354757,6.855,0
6,2011-05-13,76.95,3.899,NULL,NULL,NULL,NULL,NULL,217.524788,6.855,0
6,2011-05-20,72.01,3.907,NULL,NULL,NULL,NULL,NULL,217.289610,6.855,0
6,2011-05-27,80.83,3.786,NULL,NULL,NULL,NULL,NULL,217.054431,6.855,0
6,2011-06-03,84.01,3.699,NULL,NULL,NULL,NULL,NULL,216.819252,6.855,0
6,2011-06-10,84.49,3.648,NULL,NULL,NULL,NULL,NULL,216.584073,6.855,0
6,2011-06-17,87.08,3.637,NULL,NULL,NULL,NULL,NULL,216.537162,6.855,0
6,2011-06-24,85.51,3.594,NULL,NULL,NULL,NULL,NULL,216.631450,6.855,0
6,2011-07-01,87.00,3.524,NULL,NULL,NULL,NULL,NULL,216.725739,6.925,0
6,2011-07-08,88.36,3.480,NULL,NULL,NULL,NULL,NULL,216.820028,6.925,0
6,2011-07-15,88.93,3.575,NULL,NULL,NULL,NULL,NULL,216.904473,6.925,0
6,2011-07-22,88.06,3.651,NULL,NULL,NULL,NULL,NULL,216.964312,6.925,0
6,2011-07-29,90.22,3.682,NULL,NULL,NULL,NULL,NULL,217.024151,6.925,0
6,2011-08-05,91.46,3.684,NULL,NULL,NULL,NULL,NULL,217.083989,6.925,0
6,2011-08-12,90.49,3.638,NULL,NULL,NULL,NULL,NULL,217.143828,6.925,0
6,2011-08-19,89.26,3.554,NULL,NULL,NULL,NULL,NULL,217.206966,6.925,0
6,2011-08-26,90.07,3.523,NULL,NULL,NULL,NULL,NULL,217.270654,6.925,0
6,2011-09-02,91.22,3.533,NULL,NULL,NULL,NULL,NULL,217.334342,6.925,0
6,2011-09-09,80.21,3.546,NULL,NULL,NULL,NULL,NULL,217.398030,6.925,1
6,2011-09-16,84.94,3.526,NULL,NULL,NULL,NULL,NULL,217.579751,6.925,0
6,2011-09-23,78.49,3.467,NULL,NULL,NULL,NULL,NULL,217.918847,6.925,0
6,2011-09-30,82.51,3.355,NULL,NULL,NULL,NULL,NULL,218.257944,6.925,0
6,2011-10-07,74.10,3.285,NULL,NULL,NULL,NULL,NULL,218.597040,6.551,0
6,2011-10-14,71.24,3.274,NULL,NULL,NULL,NULL,NULL,218.910984,6.551,0
6,2011-10-21,68.53,3.353,NULL,NULL,NULL,NULL,NULL,219.074017,6.551,0
