Store,Dept,Date,Weekly_Sales,IsHoliday
1,1,2010-02-05,24924.50,0
1,1,2010-02-12,46039.49,1
1,1,2010-02-19,41595.55,0
1,1,2010-02-26,19403.54,0
1,1,2010-03-05,21827.90,0
1,1,2010-03-12,21043.39,0
1,1,2010-03-19,22136.64,0
1,1,2010-03-26,26229.21,0
1,1,2010-04-02,57258.43,0
1,1,2010-04-09,42960.91,0
1,1,2010-04-16,17596.96,0
1,1,2010-04-23,16145.35,0
1,1,2010-04-30,16555.11,0
1,1,2010-05-07,17413.94,0
1,1,2010-05-14,18926.74,0
1,1,2010-05-21,14773.04,0
1,1,2010-05-28,15580.43,0
1,1,2010-06-04,17558.09,0
1,1,2010-06-11,16637.62,0
1,1,2010-06-18,16216.27,0
1,1,2010-06-25,16328.72,0
1,1,2010-07-02,16333.14,0
1,1,2010-07-09,17688.76,0
1,1,2010-07-16,17150.84,0
1,1,2010-07-23,15360.45,0
1,1,2010-07-30,15381.82,0
1,1,2010-08-06,17508.41,0
1,1,2010-08-13,15536.40,0
1,1,2010-08-20,15740.13,0
1,1,2010-08-27,15793.87,0
1,1,2010-09-03,16241.78,0
1,1,2010-09-10,18194.74,1
1,1,2010-09-17,19354.23,0
1,1,2010-09-24,18122.52,0
1,1,2010-10-01,20094.19,0
1,1,2010-10-08,23388.03,0
1,1,2010-10-15,26978.34,0
1,1,2010-10-22,25543.04,0
1,1,2010-10-29,38640.93,0
1,1,2010-11-05,34238.88,0
1,1,2010-11-12,19549.39,0
1,1,2010-11-19,19552.84,0
1,1,2010-11-26,18820.29,1
1,1,2010-12-03,22517.56,0
1,1,2010-12-10,31497.65,0
1,1,2010-12-17,44912.86,0
1,1,2010-12-24,55931.23,0
1,1,2010-12-31,19124.58,1
1,1,2011-01-07,15984.24,0
1,1,2011-01-14,17359.70,0
1,1,2011-01-21,17341.47,0
1,1,2011-01-28,18461.18,0
1,1,2011-02-04,21665.76,0
1,1,2011-02-11,37887.17,1
1,1,2011-02-18,46845.87,0
1,1,2011-02-25,19363.83,0
1,1,2011-03-04,20327.61,0
1,1,2011-03-11,21280.40,0
1,1,2011-03-18,20334.23,0
1,1,2011-03-25,20881.10,0
1,1,2011-04-01,20398.09,0
1,1,2011-04-08,23873.79,0
1,1,2011-04-15,28762.37,0
1,1,2011-04-22,50510.31,0
1,1,2011-04-29,41512.39,0
1,1,2011-05-06,20138.19,0
1,1,2011-05-13,17235.15,0
1,1,2011-05-20,15136.78,0
1,1,2011-05-27,15741.60,0
1,1,2011-06-03,16434.15,0
1,1,2011-06-10,15883.52,0
1,1,2011-06-17,14978.09,0
1,1,2011-06-24,15682.81,0
1,1,2011-07-01,15363.50,0
1,1,2011-07-08,16148.87,0
1,1,2011-07-15,15654.85,0
1,1,2011-07-22,15766.60,0
1,1,2011-07-29,15922.41,0
1,1,2011-08-05,15295.55,0
1,1,2011-08-12,14539.79,0
1,1,2011-08-19,14689.24,0
1,1,2011-08-26,14537.37,0
1,1,2011-09-02,15277.27,0
1,1,2011-09-09,17746.68,1
1,1,2011-09-16,18535.48,0
1,1,2011-09-23,17859.30,0
1,1,2011-09-30,18337.68,0
1,1,2011-10-07,20797.58,0
1,1,2011-10-14,23077.55,0
1,1,2011-10-21,23351.80,0
1,1,2011-10-28,31579.90,0
1,1,2011-11-04,39886.06,0
1,1,2011-11-11,18689.54,0
1,1,2011-11-18,19050.66,0
1,1,2011-11-25,20911.25,1
1,1,2011-12-02,25293.49,0
1,1,2011-12-09,33305.92,0
1,1,2011-12-16,45773.03,0
1,1,2011-12-23,46788.75,0
1,1,2011-12-30,23350.88,1
1,1,2012-01-06,16567.69,0
1,1,2012-01-13,16894.40,0
1,1,2012-01-20,18365.10,0
1,1,2012-01-27,18378.16,0
1,1,2012-02-03,23510.49,0
1,1,2012-02-10,36988.49,1
1,1,2012-02-17,54060.10,0
1,1,2012-02-24,20124.22,0
1,1,2012-03-02,20113.03,0
1,1,2012-03-09,21140.07,0
1,1,2012-03-16,22366.88,0
1,1,2012-03-23,22107.70,0
1,1,2012-03-30,28952.86,0
1,1,2012-04-06,57592.12,0
1,1,2012-04-13,34684.21,0
1,1,2012-04-20,16976.19,0
1,1,2012-04-27,16347.60,0
1,1,2012-05-04,17147.44,0
1,1,2012-05-11,18164.20,0
1,1,2012-05-18,18517.79,0
1,1,2012-05-25,16963.55,0
1,1,2012-06-01,16065.49,0
1,1,2012-06-08,17666.00,0
1,1,2012-06-15,17558.82,0
1,1,2012-06-22,16633.41,0
1,1,2012-06-29,15722.82,0
1,1,2012-07-06,17823.37,0
1,1,2012-07-13,16566.18,0
1,1,2012-07-20,16348.06,0
1,1,2012-07-27,15731.18,0
1,1,2012-08-03,16628.31,0
1,1,2012-08-10,16119.92,0
1,1,2012-08-17,17330.70,0
1,1,2012-08-24,16286.40,0
1,1,2012-08-31,16680.24,0
1,1,2012-09-07,18322.37,1
1,1,2012-09-14,19616.22,0
1,1,2012-09-21,19251.50,0
1,1,2012-09-28,18947.81,0
1,1,2012-10-05,21904.47,0
1,1,2012-10-12,22764.01,0
1,1,2012-10-19,24185.27,0
1,1,2012-10-26,27390.81,0
1,2,2010-02-05,50605.27,0
1,2,2010-02-12,44682.74,1
1,2,2010-02-19,47928.89,0
1,2,2010-02-26,44292.87,0
1,2,2010-03-05,48397.98,0
1,2,2010-03-12,43751.94,0
1,2,2010-03-19,43615.49,0
1,2,2010-03-26,41892.55,0
1,2,2010-04-02,47450.50,0
1,2,2010-04-09,46549.73,0
1,2,2010-04-16,45025.02,0
1,2,2010-04-23,44418.11,0
1,2,2010-04-30,45971.30,0
1,2,2010-05-07,47903.01,0
1,2,2010-05-14,43675.61,0
1,2,2010-05-21,44319.15,0
1,2,2010-05-28,44619.52,0
1,2,2010-06-04,48754.47,0
1,2,2010-06-11,47089.54,0
1,2,2010-06-18,44428.71,0
1,2,2010-06-25,45299.92,0
1,2,2010-07-02,47077.72,0
1,2,2010-07-09,46752.12,0
1,2,2010-07-16,44339.20,0
1,2,2010-07-23,44763.33,0
1,2,2010-07-30,45833.77,0
1,2,2010-08-06,50031.73,0
1,2,2010-08-13,45475.69,0
1,2,2010-08-20,49754.17,0
1,2,2010-08-27,49623.53,0
1,2,2010-09-03,49015.05,0
1,2,2010-09-10,45182.50,1
1,2,2010-09-17,44681.64,0
1,2,2010-09-24,42477.49,0
1,2,2010-10-01,45829.02,0
1,2,2010-10-08,46387.54,0
1,2,2010-10-15,43110.79,0
1,2,2010-10-22,42371.48,0
1,2,2010-10-29,44081.33,0
1,2,2010-11-05,46381.43,0
1,2,2010-11-12,43194.49,0
1,2,2010-11-19,41443.25,0
1,2,2010-11-26,45681.98,1
1,2,2010-12-03,44405.02,0
1,2,2010-12-10,46955.82,0
1,2,2010-12-17,49303.28,0
1,2,2010-12-24,59889.32,0
1,2,2010-12-31,35819.83,1
1,2,2011-01-07,43202.29,0
1,2,2011-01-14,39857.40,0
1,2,2011-01-21,41596.99,0
1,2,2011-01-28,41651.01,0
1,2,2011-02-04,46829.12,0
1,2,2011-02-11,47595.35,1
1,2,2011-02-18,49202.06,0
1,2,2011-02-25,46165.25,0
1,2,2011-03-04,53035.54,0
1,2,2011-03-11,48465.72,0
1,2,2011-03-18,45222.30,0
1,2,2011-03-25,44293.54,0
1,2,2011-04-01,46991.58,0
1,2,2011-04-08,48501.79,0
1,2,2011-04-15,44464.74,0
1,2,2011-04-22,46544.56,0
1,2,2011-04-29,43682.41,0
1,2,2011-05-06,50139.92,0
1,2,2011-05-13,44274.15,0
1,2,2011-05-20,44302.11,0
1,2,2011-05-27,45072.11,0
1,2,2011-06-03,47844.27,0
1,2,2011-06-10,46363.93,0
1,2,2011-06-17,42939.63,0
1,2,2011-06-24,42415.81,0
1,2,2011-07-01,45247.74,0
1,2,2011-07-08,44623.23,0
1,2,2011-07-15,43260.96,0
1,2,2011-07-22,45113.56,0
1,2,2011-07-29,43191.02,0
1,2,2011-08-05,49359.75,0
1,2,2011-08-12,45341.92,0
1,2,2011-08-19,46391.12,0
1,2,2011-08-26,47659.93,0
1,2,2011-09-02,49419.75,0
1,2,2011-09-09,43315.85,1
1,2,2011-09-16,42963.96,0
1,2,2011-09-23,43390.94,0
1,2,2011-09-30,46045.09,0
1,2,2011-10-07,49880.69,0
1,2,2011-10-14,43306.38,0
1,2,2011-10-21,42487.67,0
1,2,2011-10-28,41682.40,0
1,2,2011-11-04,47313.62,0
1,2,2011-11-11,44936.47,0
1,2,2011-11-18,43997.78,0
1,2,2011-11-25,44259.59,1
1,2,2011-12-02,45928.14,0
1,2,2011-12-09,49357.43,0
1,2,2011-12-16,51137.42,0
1,2,2011-12-23,65615.36,0
1,2,2011-12-30,43539.94,1
1,2,2012-01-06,44481.38,0
1,2,2012-01-13,43353.09,0
1,2,2012-01-20,43753.43,0
1,2,2012-01-27,41556.23,0
1,2,2012-02-03,54322.24,0
1,2,2012-02-10,50581.06,1
1,2,2012-02-17,46085.47,0
1,2,2012-02-24,47080.12,0
1,2,2012-03-02,52608.51,0
1,2,2012-03-09,48563.69,0
1,2,2012-03-16,47346.32,0
1,2,2012-03-23,44796.03,0
1,2,2012-03-30,46529.68,0
1,2,2012-04-06,51805.88,0
1,2,2012-04-13,43991.18,0
1,2,2012-04-20,45561.85,0
1,2,2012-04-27,45456.23,0
1,2,2012-05-04,50501.30,0
1,2,2012-05-11,46717.76,0
1,2,2012-05-18,44411.23,0
1,2,2012-05-25,45817.07,0
1,2,2012-06-01,47425.29,0
1,2,2012-06-08,49439.58,0
1,2,2012-06-15,46637.48,0
1,2,2012-06-22,46075.00,0
1,2,2012-06-29,47629.14,0
1,2,2012-07-06,49771.92,0
1,2,2012-07-13,44411.95,0
1,2,2012-07-20,45108.22,0
1,2,2012-07-27,45008.22,0
1,2,2012-08-03,49424.06,0
1,2,2012-08-10,46729.91,0
1,2,2012-08-17,46350.97,0
1,2,2012-08-24,44972.52,0
1,2,2012-08-31,50995.50,0
1,2,2012-09-07,47344.50,1
1,2,2012-09-14,44493.61,0
1,2,2012-09-21,43541.07,0
1,2,2012-09-28,45784.76,0
1,2,2012-10-05,48577.08,0
1,2,2012-10-12,42112.67,0
1,2,2012-10-19,42354.72,0
1,2,2012-10-26,43134.88,0
1,3,2010-02-05,13740.12,0
1,3,2010-02-12,10887.84,1
1,3,2010-02-19,11523.47,0
1,3,2010-02-26,11135.17,0
1,3,2010-03-05,12275.58,0
1,3,2010-03-12,10123.45,0
1,3,2010-03-19,9001.37,0
1,3,2010-03-26,10366.85,0
1,3,2010-04-02,11157.08,0
1,3,2010-04-09,10179.29,0
1,3,2010-04-16,9226.80,0
1,3,2010-04-23,8868.93,0
1,3,2010-04-30,9337.44,0
1,3,2010-05-07,9372.80,0
1,3,2010-05-14,7919.86,0
1,3,2010-05-21,7813.91,0
1,3,2010-05-28,8412.69,0
1,3,2010-06-04,8001.41,0
1,3,2010-06-11,7742.75,0
1,3,2010-06-18,8201.06,0
1,3,2010-06-25,6591.22,0
1,3,2010-07-02,7857.88,0
1,3,2010-07-09,8112.67,0
1,3,2010-07-16,13751.30,0
1,3,2010-07-23,16930.62,0
1,3,2010-07-30,20915.95,0
1,3,2010-08-06,26719.02,0
1,3,2010-08-13,30640.54,0
1,3,2010-08-20,41101.93,0
1,3,2010-08-27,51159.17,0
1,3,2010-09-03,19081.80,0
1,3,2010-09-10,12134.69,1
1,3,2010-09-17,10722.46,0
1,3,2010-09-24,8097.92,0
1,3,2010-10-01,9775.17,0
1,3,2010-10-08,10081.80,0
1,3,2010-10-15,9735.73,0
1,3,2010-10-22,8614.41,0
1,3,2010-10-29,9283.09,0
1,3,2010-11-05,9825.22,0
1,3,2010-11-12,9146.77,0
1,3,2010-11-19,9202.11,0
1,3,2010-11-26,10706.81,1
1,3,2010-12-03,10856.85,0
1,3,2010-12-10,11219.78,0
1,3,2010-12-17,11986.84,0
1,3,2010-12-24,12080.36,0
1,3,2010-12-31,8266.14,1
1,3,2011-01-07,15808.15,0
1,3,2011-01-14,13275.87,0
1,3,2011-01-21,12532.94,0
1,3,2011-01-28,11983.34,0
1,3,2011-02-04,11012.52,0
1,3,2011-02-11,11428.25,1
1,3,2011-02-18,11724.98,0
1,3,2011-02-25,10473.78,0
1,3,2011-03-04,11039.12,0
1,3,2011-03-11,10689.97,0
1,3,2011-03-18,8148.69,0
1,3,2011-03-25,9049.02,0
1,3,2011-04-01,8734.19,0
1,3,2011-04-08,10417.33,0
1,3,2011-04-15,8212.97,0
1,3,2011-04-22,8468.72,0
1,3,2011-04-29,8653.62,0
1,3,2011-05-06,10420.92,0
1,3,2011-05-13,8732.46,0
1,3,2011-05-20,7939.01,0
1,3,2011-05-27,8120.70,0
1,3,2011-06-03,8853.89,0
1,3,2011-06-10,7508.71,0
1,3,2011-06-17,7658.75,0
1,3,2011-06-24,6165.73,0
1,3,2011-07-01,8070.64,0
1,3,2011-07-08,7366.50,0
1,3,2011-07-15,11578.11,0
1,3,2011-07-22,16069.50,0
1,3,2011-07-29,21331.51,0
1,3,2011-08-05,31248.98,0
1,3,2011-08-12,32148.93,0
1,3,2011-08-19,41603.11,0
1,3,2011-08-26,49775.52,0
1,3,2011-09-02,19604.47,0
1,3,2011-09-09,12778.28,1
1,3,2011-09-16,10412.88,0
1,3,2011-09-23,9755.56,0
1,3,2011-09-30,10434.83,0
1,3,2011-10-07,9977.96,0
1,3,2011-10-14,9870.22,0
1,3,2011-10-21,10136.78,0
1,3,2011-10-28,9421.20,0
1,3,2011-11-04,9189.20,0
1,3,2011-11-11,9959.64,0
1,3,2011-11-18,10104.36,0
1,3,2011-11-25,9317.56,1
1,3,2011-12-02,10146.54,0
1,3,2011-12-09,12955.55,0
1,3,2011-12-16,13180.05,0
1,3,2011-12-23,13667.88,0
1,3,2011-12-30,8848.44,1
1,3,2012-01-06,13926.04,0
1,3,2012-01-13,13822.49,0
1,3,2012-01-20,11702.08,0
1,3,2012-01-27,10613.17,0
1,3,2012-02-03,12485.78,0
1,3,2012-02-10,12388.85,1
1,3,2012-02-17,10237.78,0
1,3,2012-02-24,10502.40,0
1,3,2012-03-02,11387.31,0
1,3,2012-03-09,11925.71,0
1,3,2012-03-16,8845.73,0
1,3,2012-03-23,7910.22,0
1,3,2012-03-30,9129.23,0
1,3,2012-04-06,9335.24,0
1,3,2012-04-13,7927.73,0
1,3,2012-04-20,8647.36,0
1,3,2012-04-27,8635.62,0
1,3,2012-05-04,10655.35,0
1,3,2012-05-11,10342.72,0
1,3,2012-05-18,8609.82,0
1,3,2012-05-25,8345.33,0
1,3,2012-06-01,7175.77,0
1,3,2012-06-08,8614.64,0
1,3,2012-06-15,8016.26,0
1,3,2012-06-22,7301.41,0
1,3,2012-06-29,7577.59,0
1,3,2012-07-06,8473.71,0
1,3,2012-07-13,13126.15,0
1,3,2012-07-20,20126.95,0
1,3,2012-07-27,22716.70,0
1,3,2012-08-03,30331.69,0
1,3,2012-08-10,28257.30,0
1,3,2012-08-17,31905.97,0
1,3,2012-08-24,43712.78,0
1,3,2012-08-31,50701.30,0
1,3,2012-09-07,18368.51,1
1,3,2012-09-14,14288.22,0
1,3,2012-09-21,13403.63,0
1,3,2012-09-28,13085.95,0
1,3,2012-10-05,11676.98,0
1,3,2012-10-12,10487.17,0
1,3,2012-10-19,8548.87,0
1,3,2012-10-26,9350.90,0
1,4,2010-02-05,39954.04,0
1,4,2010-02-12,35351.21,1
1,4,2010-02-19,36826.95,0
1,4,2010-02-26,34660.16,0
1,4,2010-03-05,38086.19,0
1,4,2010-03-12,32668.67,0
1,4,2010-03-19,34118.11,0
1,4,2010-03-26,33872.07,0
1,4,2010-04-02,37809.49,0
1,4,2010-04-09,36174.43,0
1,4,2010-04-16,34740.19,0
1,4,2010-04-23,33806.71,0
1,4,2010-04-30,33437.80,0
1,4,2010-05-07,37168.34,0
1,4,2010-05-14,33657.70,0
1,4,2010-05-21,35571.47,0
1,4,2010-05-28,36380.36,0
1,4,2010-06-04,40548.19,0
1,4,2010-06-11,36579.96,0
1,4,2010-06-18,35059.52,0
1,4,2010-06-25,34454.69,0
1,4,2010-07-02,39773.71,0
1,4,2010-07-09,39781.45,0
1,4,2010-07-16,35234.66,0
1,4,2010-07-23,36624.71,0
1,4,2010-07-30,36419.68,0
1,4,2010-08-06,40973.88,0
1,4,2010-08-13,36461.66,0
1,4,2010-08-20,39706.10,0
1,4,2010-08-27,36404.60,0
1,4,2010-09-03,38321.88,0
1,4,2010-09-10,36603.78,1
1,4,2010-09-17,33999.01,0
1,4,2010-09-24,32497.43,0
1,4,2010-10-01,34912.45,0
1,4,2010-10-08,35772.82,0
1,4,2010-10-15,34693.27,0
1,4,2010-10-22,32902.26,0
1,4,2010-10-29,35202.44,0
1,4,2010-11-05,37980.55,0
1,4,2010-11-12,35008.03,0
1,4,2010-11-19,37078.61,0
1,4,2010-11-26,46201.27,1
1,4,2010-12-03,37110.55,0
1,4,2010-12-10,36364.31,0
1,4,2010-12-17,39154.41,0
1,4,2010-12-24,47893.23,0
1,4,2010-12-31,36913.80,1
1,4,2011-01-07,37947.80,0
1,4,2011-01-14,34393.95,0
1,4,2011-01-21,33735.58,0
1,4,2011-01-28,32905.88,0
1,4,2011-02-04,35870.49,0
1,4,2011-02-11,37373.33,1
1,4,2011-02-18,36479.25,0
1,4,2011-02-25,33677.18,0
1,4,2011-03-04,37943.96,0
1,4,2011-03-11,35229.12,0
1,4,2011-03-18,34863.03,0
1,4,2011-03-25,34813.12,0
1,4,2011-04-01,34451.90,0
1,4,2011-04-08,36514.43,0
1,4,2011-04-15,33466.89,0
1,4,2011-04-22,35132.70,0
1,4,2011-04-29,34528.56,0
1,4,2011-05-06,37827.69,0
1,4,2011-05-13,33471.81,0
1,4,2011-05-20,34137.41,0
1,4,2011-05-27,36790.72,0
1,4,2011-06-03,42508.02,0
1,4,2011-06-10,35376.06,0
1,4,2011-06-17,35523.17,0
1,4,2011-06-24,35062.02,0
1,4,2011-07-01,36451.71,0
1,4,2011-07-08,39149.99,0
1,4,2011-07-15,33930.80,0
1,4,2011-07-22,34630.02,0
1,4,2011-07-29,35555.50,0
1,4,2011-08-05,39339.09,0
1,4,2011-08-12,37449.94,0
1,4,2011-08-19,39148.87,0
1,4,2011-08-26,37495.20,0
1,4,2011-09-02,36589.07,0
1,4,2011-09-09,35105.96,1
1,4,2011-09-16,34108.12,0
1,4,2011-09-23,32655.07,0
1,4,2011-09-30,32830.81,0
1,4,2011-10-07,37397.63,0
1,4,2011-10-14,35000.30,0
1,4,2011-10-21,33954.55,0
1,4,2011-10-28,34247.26,0
1,4,2011-11-04,39354.84,0
1,4,2011-11-11,36826.52,0
1,4,2011-11-18,37656.58,0
1,4,2011-11-25,46564.14,1
1,4,2011-12-02,38489.63,0
1,4,2011-12-09,38729.31,0
1,4,2011-12-16,38266.47,0
1,4,2011-12-23,47785.93,0
1,4,2011-12-30,37371.22,1
1,4,2012-01-06,40925.76,0
1,4,2012-01-13,36582.36,0
1,4,2012-01-20,33780.20,0
1,4,2012-01-27,33613.91,0
1,4,2012-02-03,40274.83,0
1,4,2012-02-10,39305.13,1
1,4,2012-02-17,36550.46,0
1,4,2012-02-24,34953.85,0
1,4,2012-03-02,38459.98,0
1,4,2012-03-09,38934.77,0
1,4,2012-03-16,38125.32,0
1,4,2012-03-23,36586.52,0
1,4,2012-03-30,37718.51,0
1,4,2012-04-06,42060.21,0
1,4,2012-04-13,37449.26,0
1,4,2012-04-20,36350.03,0
1,4,2012-04-27,36894.54,0
1,4,2012-05-04,41897.55,0
1,4,2012-05-11,35840.06,0
1,4,2012-05-18,34536.29,0
1,4,2012-05-25,38270.34,0
1,4,2012-06-01,41566.55,0
1,4,2012-06-08,41124.27,0
1,4,2012-06-15,39019.74,0
1,4,2012-06-22,37400.31,0
1,4,2012-06-29,39758.77,0
1,4,2012-07-06,44936.96,0
1,4,2012-07-13,38073.91,0
1,4,2012-07-20,38080.05,0
1,4,2012-07-27,35197.59,0
1,4,2012-08-03,41305.39,0
1,4,2012-08-10,40343.83,0
1,4,2012-08-17,38105.90,0
1,4,2012-08-24,36674.67,0
1,4,2012-08-31,37802.97,0
1,4,2012-09-07,39549.27,1
1,4,2012-09-14,35044.06,0
1,4,2012-09-21,34507.34,0
1,4,2012-09-28,34647.33,0
1,4,2012-10-05,39311.93,0
1,4,2012-10-12,35446.18,0
1,4,2012-10-19,35549.19,0
1,4,2012-10-26,36292.60,0
1,5,2010-02-05,32229.38,0
1,5,2010-02-12,29620.81,1
1,5,2010-02-19,26468.27,0
1,5,2010-02-26,24101.89,0
1,5,2010-03-05,23082.14,0
1,5,2010-03-12,21498.92,0
1,5,2010-03-19,22632.57,0
1,5,2010-03-26,38971.89,0
1,5,2010-04-02,29967.92,0
1,5,2010-04-09,18516.45,0
1,5,2010-04-16,11570.27,0
1,5,2010-04-23,24763.98,0
1,5,2010-04-30,22006.41,0
1,5,2010-05-07,19260.44,0
1,5,2010-05-14,16891.66,0
1,5,2010-05-21,16157.17,0
1,5,2010-05-28,15784.60,0
1,5,2010-06-04,22932.26,0
1,5,2010-06-11,21817.36,0
1,5,2010-06-18,19778.44,0
1,5,2010-06-25,19054.58,0
1,5,2010-07-02,18887.71,0
1,5,2010-07-09,20249.54,0
1,5,2010-07-16,17918.22,0
1,5,2010-07-23,17313.46,0
1,5,2010-07-30,16472.48,0
1,5,2010-08-06,16926.17,0
1,5,2010-08-13,15544.62,0
1,5,2010-08-20,15412.44,0
1,5,2010-08-27,13570.32,0
1,5,2010-09-03,15390.52,0
1,5,2010-09-10,17776.56,1
1,5,2010-09-17,15862.61,0
1,5,2010-09-24,17039.38,0
1,5,2010-10-01,23381.38,0
1,5,2010-10-08,19853.57,0
1,5,2010-10-15,20443.05,0
1,5,2010-10-22,19525.85,0
1,5,2010-10-29,16377.46,0
1,5,2010-11-05,23903.81,0
1,5,2010-11-12,23698.89,0
1,5,2010-11-19,24716.49,0
1,5,2010-11-26,70158.86,1
1,5,2010-12-03,36472.02,0
1,5,2010-12-10,49517.17,0
1,5,2010-12-17,59589.48,0
1,5,2010-12-24,85676.09,0
1,5,2010-12-31,32280.82,1
1,5,2011-01-07,22699.69,0
1,5,2011-01-14,17445.37,0
1,5,2011-01-21,18438.07,0
1,5,2011-01-28,22118.70,0
1,5,2011-02-04,31280.62,0
1,5,2011-02-11,36667.65,1
1,5,2011-02-18,31092.62,0
1,5,2011-02-25,23870.31,0
1,5,2011-03-04,28902.37,0
1,5,2011-03-11,23704.37,0
1,5,2011-03-18,22685.69,0
1,5,2011-03-25,18719.22,0
1,5,2011-04-01,23598.55,0
1,5,2011-04-08,22393.09,0
1,5,2011-04-15,22719.82,0
1,5,2011-04-22,21786.16,0
1,5,2011-04-29,17503.28,0
1,5,2011-05-06,16195.54,0
1,5,2011-05-13,15587.78,0
1,5,2011-05-20,15575.25,0
1,5,2011-05-27,16613.98,0
1,5,2011-06-03,16848.76,0
1,5,2011-06-10,18648.73,0
1,5,2011-06-17,17861.56,0
1,5,2011-06-24,21695.24,0
1,5,2011-07-01,19239.86,0
1,5,2011-07-08,17989.45,0
1,5,2011-07-15,18444.80,0
1,5,2011-07-22,19331.53,0
1,5,2011-07-29,17406.68,0
1,5,2011-08-05,21183.42,0
1,5,2011-08-12,21320.93,0
1,5,2011-08-19,18643.51,0
1,5,2011-08-26,15478.26,0
1,5,2011-09-02,20432.91,0
1,5,2011-09-09,19075.78,1
1,5,2011-09-16,19386.23,0
1,5,2011-09-23,20562.37,0
1,5,2011-09-30,16385.37,0
1,5,2011-10-07,30352.06,0
1,5,2011-10-14,22917.89,0
1,5,2011-10-21,32700.34,0
1,5,2011-10-28,26391.79,0
1,5,2011-11-04,31956.07,0
1,5,2011-11-11,31002.65,0
1,5,2011-11-18,27339.37,0
1,5,2011-11-25,79340.15,1
1,5,2011-12-02,32572.27,0
1,5,2011-12-09,41782.13,0
1,5,2011-12-16,43479.70,0
1,5,2011-12-23,61483.82,0
1,5,2011-12-30,34981.76,1
1,5,2012-01-06,23105.81,0
1,5,2012-01-13,19281.61,0
1,5,2012-01-20,19298.42,0
1,5,2012-01-27,21376.42,0
1,5,2012-02-03,28307.43,0
1,5,2012-02-10,38096.04,1
1,5,2012-02-17,46219.96,0
1,5,2012-02-24,30797.88,0
1,5,2012-03-02,30642.53,0
1,5,2012-03-09,25492.21,0
1,5,2012-03-16,29345.72,0
1,5,2012-03-23,25442.13,0
1,5,2012-03-30,22392.09,0
1,5,2012-04-06,28386.81,0
1,5,2012-04-13,18458.33,0
1,5,2012-04-20,16645.01,0
1,5,2012-04-27,17170.39,0
1,5,2012-05-04,18953.07,0
1,5,2012-05-11,17277.63,0
1,5,2012-05-18,17955.73,0
1,5,2012-05-25,18625.67,0
1,5,2012-06-01,17233.25,0
1,5,2012-06-08,24752.99,0
1,5,2012-06-15,21376.63,0
1,5,2012-06-22,24337.24,0
1,5,2012-06-29,20233.90,0
1,5,2012-07-06,19684.48,0
1,5,2012-07-13,18089.61,0
1,5,2012-07-20,17896.46,0
1,5,2012-07-27,14105.40,0
1,5,2012-08-03,17615.28,0
1,5,2012-08-10,18232.46,0
1,5,2012-08-17,15440.65,0
1,5,2012-08-24,22446.23,0
1,5,2012-08-31,18615.76,0
1,5,2012-09-07,18236.15,1
1,5,2012-09-14,19369.52,0
1,5,2012-09-21,25798.78,0
1,5,2012-09-28,22560.39,0
1,5,2012-10-05,25508.81,0
1,5,2012-10-12,20920.03,0
1,5,2012-10-19,20413.83,0
1,5,2012-10-26,25846.94,0
1,6,2010-02-05,5749.03,0
1,6,2010-02-12,9135.00,1
1,6,2010-02-19,6060.26,0
1,6,2010-02-26,5244.56,0
1,6,2010-03-05,4221.25,0
1,6,2010-03-12,5619.00,0
1,6,2010-03-19,4906.05,0
1,6,2010-03-26,7468.33,0
1,6,2010-04-02,4132.61,0
1,6,2010-04-09,4428.80,0
1,6,2010-04-16,5020.78,0
1,6,2010-04-23,3945.19,0
1,6,2010-04-30,4736.15,0
1,6,2010-05-07,7477.70,0
1,6,2010-05-14,6982.17,0
1,6,2010-05-21,3395.75,0
1,6,2010-05-28,6165.59,0
1,6,2010-06-04,5484.90,0
1,6,2010-06-11,4082.04,0
1,6,2010-06-18,3902.26,0
1,6,2010-06-25,4239.10,0
1,6,2010-07-02,4541.91,0
1,6,2010-07-09,4986.25,0
1,6,2010-07-16,4772.70,0
1,6,2010-07-23,5758.04,0
1,6,2010-07-30,3932.95,0
1,6,2010-08-06,4700.38,0
1,6,2010-08-13,3885.01,0
1,6,2010-08-20,4067.35,0
1,6,2010-08-27,3389.29,0
1,6,2010-09-03,3553.75,0
1,6,2010-09-10,4432.69,1
1,6,2010-09-17,4492.88,0
1,6,2010-09-24,4601.39,0
1,6,2010-10-01,2876.19,0
1,6,2010-10-08,4168.36,0
1,6,2010-10-15,5024.04,0
1,6,2010-10-22,4291.27,0
1,6,2010-10-29,5424.27,0
1,6,2010-11-05,5036.99,0
1,6,2010-11-12,4248.34,0
1,6,2010-11-19,3507.65,0
1,6,2010-11-26,20163.69,1
1,6,2010-12-03,6356.96,0
1,6,2010-12-10,6440.06,0
1,6,2010-12-17,12078.11,0
1,6,2010-12-24,28497.52,0
1,6,2010-12-31,5878.25,1
1,6,2011-01-07,1376.15,0
1,6,2011-01-14,2355.86,0
1,6,2011-01-21,2163.84,0
1,6,2011-01-28,3200.68,0
1,6,2011-02-04,3324.96,0
1,6,2011-02-11,4542.80,1
1,6,2011-02-18,4033.43,0
1,6,2011-02-25,4203.87,0
1,6,2011-03-04,3882.86,0
1,6,2011-03-11,3928.80,0
1,6,2011-03-18,2889.22,0
1,6,2011-03-25,4508.30,0
1,6,2011-04-01,3249.27,0
1,6,2011-04-08,3340.31,0
1,6,2011-04-15,3798.07,0
1,6,2011-04-22,2995.07,0
1,6,2011-04-29,4298.02,0
1,6,2011-05-06,7213.53,0
1,6,2011-05-13,4162.52,0
1,6,2011-05-20,4640.76,0
1,6,2011-05-27,5572.35,0
1,6,2011-06-03,4021.54,0
1,6,2011-06-10,3079.94,0
1,6,2011-06-17,3004.81,0
1,6,2011-06-24,3020.07,0
1,6,2011-07-01,4047.92,0
1,6,2011-07-08,3412.08,0
1,6,2011-07-15,3154.33,0
1,6,2011-07-22,3665.52,0
1,6,2011-07-29,2839.92,0
1,6,2011-08-05,2864.27,0
1,6,2011-08-12,3124.83,0
1,6,2011-08-19,3717.28,0
1,6,2011-08-26,3296.22,0
1,6,2011-09-02,3461.79,0
1,6,2011-09-09,6147.43,1
1,6,2011-09-16,3806.50,0
1,6,2011-09-23,4718.28,0
1,6,2011-09-30,3489.24,0
1,6,2011-10-07,4733.74,0
1,6,2011-10-14,4248.69,0
1,6,2011-10-21,5111.85,0
1,6,2011-10-28,6227.43,0
1,6,2011-11-04,6223.03,0
1,6,2011-11-11,3527.62,0
1,6,2011-11-18,2640.98,0
1,6,2011-11-25,18629.83,1
1,6,2011-12-02,5240.63,0
1,6,2011-12-09,6714.41,0
1,6,2011-12-16,10022.40,0
1,6,2011-12-23,18931.11,0
1,6,2011-12-30,6629.60,1
1,6,2012-01-06,3665.25,0
1,6,2012-01-13,2460.92,0
1,6,2012-01-20,2427.46,0
1,6,2012-01-27,1649.40,0
1,6,2012-02-03,3981.09,0
1,6,2012-02-10,7338.85,1
1,6,2012-02-17,4223.42,0
1,6,2012-02-24,3784.06,0
1,6,2012-03-02,6464.52,0
1,6,2012-03-09,4183.30,0
1,6,2012-03-16,3905.72,0
1,6,2012-03-23,2856.83,0
1,6,2012-03-30,4540.27,0
1,6,2012-04-06,4764.43,0
1,6,2012-04-13,4500.12,0
1,6,2012-04-20,2988.96,0
1,6,2012-04-27,3319.32,0
1,6,2012-05-04,4658.18,0
1,6,2012-05-11,3574.83,0
1,6,2012-05-18,6030.81,0
1,6,2012-05-25,5131.26,0
1,6,2012-06-01,3249.75,0
1,6,2012-06-08,4888.46,0
1,6,2012-06-15,4087.58,0
1,6,2012-06-22,4870.31,0
1,6,2012-06-29,4774.50,0
1,6,2012-07-06,2828.03,0
1,6,2012-07-13,2776.97,0
1,6,2012-07-20,3496.53,0
1,6,2012-07-27,2545.65,0
1,6,2012-08-03,3412.58,0
1,6,2012-08-10,-139.65,0
1,6,2012-08-17,2725.30,0
1,6,2012-08-24,2626.50,0
1,6,2012-08-31,2987.07,0
1,6,2012-09-07,2576.64,1
1,6,2012-09-14,3073.31,0
1,6,2012-09-21,4159.51,0
1,6,2012-09-28,3168.68,0
1,6,2012-10-05,3843.29,0
1,6,2012-10-12,3788.59,0
1,6,2012-10-19,3496.69,0
1,6,2012-10-26,4032.50,0
1,7,2010-02-05,21084.08,0
1,7,2010-02-12,18310.31,1
1,7,2010-02-19,19985.20,0
1,7,2010-02-26,17224.22,0
1,7,2010-03-05,19659.70,0
1,7,2010-03-12,21529.14,0
1,7,2010-03-19,22711.59,0
1,7,2010-03-26,16254.21,0
1,7,2010-04-02,22427.62,0
1,7,2010-04-09,20516.64,0
1,7,2010-04-16,19330.26,0
1,7,2010-04-23,18534.40,0
1,7,2010-04-30,22723.48,0
1,7,2010-05-07,20457.62,0
1,7,2010-05-14,18771.35,0
1,7,2010-05-21,28726.86,0
1,7,2010-05-28,36911.59,0
1,7,2010-06-04,44563.68,0
1,7,2010-06-11,26910.46,0
1,7,2010-06-18,26984.25,0
1,7,2010-06-25,28912.18,0
1,7,2010-07-02,22589.00,0
1,7,2010-07-09,22767.34,0
1,7,2010-07-16,22666.55,0
1,7,2010-07-23,20029.10,0
1,7,2010-07-30,17709.46,0
1,7,2010-08-06,21842.57,0
1,7,2010-08-13,19178.36,0
1,7,2010-08-20,17821.71,0
1,7,2010-08-27,16309.44,0
1,7,2010-09-03,18005.65,0
1,7,2010-09-10,20824.49,1
1,7,2010-09-17,17397.01,0
1,7,2010-09-24,18227.39,0
1,7,2010-10-01,16481.79,0
1,7,2010-10-08,16350.96,0
1,7,2010-10-15,16296.65,0
1,7,2010-10-22,15395.27,0
1,7,2010-10-29,17598.98,0
1,7,2010-11-05,19136.58,0
1,7,2010-11-12,21019.70,0
1,7,2010-11-19,24313.72,0
1,7,2010-11-26,72635.06,1
1,7,2010-12-03,47406.83,0
1,7,2010-12-10,63896.89,0
1,7,2010-12-17,96198.12,0
1,7,2010-12-24,166697.72,0
1,7,2010-12-31,27433.06,1
1,7,2011-01-07,17516.16,0
1,7,2011-01-14,10774.06,0
1,7,2011-01-21,12657.33,0
1,7,2011-01-28,13957.40,0
1,7,2011-02-04,17239.86,0
1,7,2011-02-11,21169.06,1
1,7,2011-02-18,24549.68,0
1,7,2011-02-25,23811.23,0
1,7,2011-03-04,19607.40,0
1,7,2011-03-11,20304.74,0
1,7,2011-03-18,22751.59,0
1,7,2011-03-25,19958.00,0
1,7,2011-04-01,20144.71,0
1,7,2011-04-08,21617.85,0
1,7,2011-04-15,19955.07,0
1,7,2011-04-22,24606.39,0
1,7,2011-04-29,22934.42,0
1,7,2011-05-06,19394.00,0
1,7,2011-05-13,21344.39,0
1,7,2011-05-20,18787.41,0
1,7,2011-05-27,26736.85,0
1,7,2011-06-03,38450.30,0
1,7,2011-06-10,38569.49,0
1,7,2011-06-17,31439.02,0
1,7,2011-06-24,23791.78,0
1,7,2011-07-01,23747.10,0
1,7,2011-07-08,20691.60,0
1,7,2011-07-15,14805.42,0
1,7,2011-07-22,16002.30,0
1,7,2011-07-29,16061.11,0
1,7,2011-08-05,17388.43,0
1,7,2011-08-12,14088.28,0
1,7,2011-08-19,13413.80,0
1,7,2011-08-26,12116.03,0
1,7,2011-09-02,14564.80,0
1,7,2011-09-09,13370.82,1
1,7,2011-09-16,14948.27,0
1,7,2011-09-23,14836.91,0
1,7,2011-09-30,13908.40,0
1,7,2011-10-07,12758.28,0
1,7,2011-10-14,13900.54,0
1,7,2011-10-21,24664.06,0
1,7,2011-10-28,26827.51,0
1,7,2011-11-04,24182.96,0
1,7,2011-11-11,25942.35,0
1,7,2011-11-18,21953.16,0
1,7,2011-11-25,71151.34,1
1,7,2011-12-02,33118.33,0
1,7,2011-12-09,47751.41,0
1,7,2011-12-16,69511.06,0
1,7,2011-12-23,119302.15,0
1,7,2011-12-30,38216.01,1
1,7,2012-01-06,12377.76,0
1,7,2012-01-13,9194.61,0
1,7,2012-01-20,10189.61,0
1,7,2012-01-27,11228.15,0
1,7,2012-02-03,16556.71,0
1,7,2012-02-10,21619.05,1
1,7,2012-02-17,16849.62,0
1,7,2012-02-24,15956.87,0
1,7,2012-03-02,16473.91,0
1,7,2012-03-09,17500.24,0
1,7,2012-03-16,20690.01,0
1,7,2012-03-23,15628.59,0
1,7,2012-03-30,18684.00,0
1,7,2012-04-06,27171.41,0
1,7,2012-04-13,21302.30,0
1,7,2012-04-20,19056.92,0
1,7,2012-04-27,18704.53,0
1,7,2012-05-04,22956.83,0
1,7,2012-05-11,23036.80,0
1,7,2012-05-18,19180.11,0
1,7,2012-05-25,28671.98,0
1,7,2012-06-01,31568.92,0
1,7,2012-06-08,30052.56,0
1,7,2012-06-15,26249.22,0
1,7,2012-06-22,24777.12,0
1,7,2012-06-29,24077.39,0
1,7,2012-07-06,27364.96,0
1,7,2012-07-13,18427.17,0
1,7,2012-07-20,16528.10,0
1,7,2012-07-27,17171.35,0
1,7,2012-08-03,16916.29,0
1,7,2012-08-10,16552.49,0
1,7,2012-08-17,16256.91,0
1,7,2012-08-24,15159.94,0
1,7,2012-08-31,15802.09,0
1,7,2012-09-07,16941.42,1
1,7,2012-09-14,15525.82,0
1,7,2012-09-21,22542.44,0
1,7,2012-09-28,22343.24,0
1,7,2012-10-05,22071.39,0
1,7,2012-10-12,20212.71,0
1,7,2012-10-19,21937.45,0
